time_rel_s,time_abs_s,gt_heading_deg,est_heading_deg,heading_err_deg,gt_yaw_rate_deg_s,meas_yaw_rate_deg_s,gt_speed_mps,ai_speed_mps,ekf_speed_mps,long_accel_mps2,lat_accel_mps2,centripetal_accel_mps2,nhc_innovation_mps,nhc_K_heading,nhc_gated,gyro_bias_deg_s,pos_err_pre_map_m,pos_err_post_map_m
0.0,45.0,100.79119280591698,100.79119280591698,0.0,0.9946528258229951,-6.250969491601806,21.396560668945312,21.396560668945312,21.396560668945312,-1.5915000438690186,0.6119999885559082,-2.334364749086717,0.0,0.0,False,0.0,0.0,2.49
0.1,45.1,99.78,100.58,0.8,-10.12,-2.1,21.66,17.07,21.81,4.194,1.981,-0.801,-0.002,-0.0363,False,-0.0,0.04,2.48
0.2,45.2,101.5,99.68,-1.82,17.23,-8.93,21.55,16.77,21.57,-2.478,-0.054,-3.36,0.004,-0.0369,False,0.003,0.02,2.53
0.3,45.3,100.24,99.59,-0.65,-12.63,-0.97,21.57,16.76,21.92,3.556,1.578,-0.37,-0.0,-0.037,False,0.0027,0.04,2.53
0.4,45.4,101.1,99.41,-1.69,8.62,-1.78,21.53,16.6,21.81,-1.065,-0.967,-0.678,0.0,-0.0322,False,0.0029,0.12,2.57
0.5,45.5,100.87,99.24,-1.63,-2.35,-1.7,21.6,16.4,22.14,3.356,1.866,-0.658,-0.001,-0.0329,False,0.0024,0.18,2.59
0.6,45.6,100.69,99.47,-1.22,-1.75,2.29,21.57,16.18,21.95,-1.94,-1.348,0.878,-0.001,-0.0333,False,0.0018,0.27,2.62
0.7,45.7,101.46,99.1,-2.35,7.65,-3.61,21.61,15.96,21.53,-4.142,-1.777,-1.357,0.002,-0.0335,False,0.0034,0.35,2.67
0.8,45.8,100.21,99.52,-0.69,-12.43,4.19,21.44,15.94,21.47,-0.609,-0.12,1.572,-0.0,-0.0339,False,0.0033,0.37,2.67
0.9,45.9,100.41,99.42,-0.98,1.93,-1.0,21.59,15.87,21.24,-2.263,0.027,-0.37,0.0,-0.0341,False,0.0036,0.39,2.68
1.0,46.0,100.28,99.73,-0.55,-1.26,3.05,21.56,15.75,21.06,-1.772,-1.018,1.121,-0.001,-0.0344,False,0.0031,0.4,2.68
1.1,46.1,99.98,99.8,-0.18,-3.01,0.73,21.47,15.92,21.08,0.341,-0.605,0.268,-0.0,-0.0395,False,0.0031,0.4,2.67
1.2,46.2,99.85,100.41,0.56,-1.3,6.1,21.4,16.07,21.26,1.793,1.397,2.264,0.002,-0.0335,False,0.0042,0.39,2.66
1.3,46.3,99.45,101.08,1.63,-3.96,6.8,21.43,16.15,21.29,0.395,0.483,2.525,0.001,-0.0394,False,0.0045,0.34,2.63
1.4,46.4,100.15,101.39,1.24,6.98,3.07,21.48,16.17,21.28,0.069,0.752,1.141,0.0,-0.0391,False,0.0044,0.3,2.63
1.5,46.5,99.5,101.48,1.98,-6.54,0.92,21.35,16.34,21.22,-0.438,-0.721,0.34,-0.0,-0.0393,False,0.0042,0.24,2.61
1.6,46.6,99.73,101.65,1.92,2.29,1.68,21.26,16.34,21.27,0.65,0.256,0.623,0.0,-0.0393,False,0.0042,0.18,2.59
1.7,46.7,99.85,101.28,1.43,1.26,-3.69,21.31,16.27,21.33,0.721,0.66,-1.374,-0.0,-0.0395,False,0.0038,0.16,2.58
1.8,46.8,99.78,100.72,0.94,-0.77,-5.66,21.13,16.38,21.32,0.01,0.453,-2.106,-0.0,-0.0395,False,0.0037,0.14,2.57
1.9,46.9,99.78,101.38,1.61,-0.0,6.7,21.14,16.4,21.49,1.813,0.356,2.514,0.002,-0.0393,False,0.0047,0.1,2.55
2.0,47.0,99.78,101.44,1.66,0.0,0.58,21.07,16.34,21.53,0.62,0.545,0.217,0.0,-0.0395,False,0.0046,0.11,2.54
2.1,47.1,99.65,101.62,1.98,-1.3,1.83,21.03,16.45,21.58,0.645,-0.685,0.688,0.0,-0.0395,False,0.0046,0.14,2.52
2.2,47.2,99.88,101.44,1.56,2.34,-1.76,20.93,16.6,21.34,-2.179,1.281,-0.655,0.001,-0.0399,False,0.0048,0.19,2.51
2.3,47.3,100.06,101.64,1.57,1.81,1.93,20.89,16.28,21.43,1.045,1.87,0.72,0.0,-0.0398,False,0.0048,0.25,2.51
2.4,47.4,99.93,101.23,1.29,-1.27,-4.07,20.87,16.35,21.26,-1.558,-0.055,-1.509,0.001,-0.0402,False,0.0052,0.3,2.5
2.5,47.5,100.11,102.02,1.91,1.8,7.99,20.76,16.47,21.4,1.591,-0.457,2.985,0.002,-0.0397,False,0.0061,0.35,2.51
2.6,47.6,99.99,102.88,2.89,-1.27,8.49,20.73,16.65,21.05,-3.402,1.493,3.119,-0.005,-0.0399,False,0.0035,0.45,2.53
2.7,47.7,100.22,102.99,2.76,2.35,1.03,20.57,16.22,20.88,-1.478,-0.393,0.374,-0.0,-0.0407,False,0.0029,0.54,2.56
2.8,47.8,100.04,103.52,3.48,-1.79,5.35,20.62,16.75,20.91,0.511,0.437,1.951,0.0,-0.0403,False,0.0027,0.66,2.58
2.9,47.9,100.47,103.04,2.57,4.23,-4.79,20.49,16.62,20.7,-1.987,-0.57,-1.73,0.002,-0.0415,False,0.0032,0.76,2.62
3.0,48.0,99.72,102.64,2.92,-7.5,-3.99,20.37,16.65,20.57,-1.15,-0.105,-1.433,0.001,-0.0416,False,0.0033,0.87,2.63
3.1,48.1,99.27,102.75,3.48,-4.45,1.08,19.93,16.56,20.46,-0.908,1.418,0.385,-0.0,-0.0415,False,0.003,1.0,2.62
3.2,48.2,99.09,102.75,3.66,-1.79,0.01,19.68,16.59,20.43,-0.083,0.152,0.004,-0.0,-0.0417,False,0.0027,1.13,2.61
3.3,48.3,100.33,103.32,2.99,12.35,5.64,20.24,16.46,20.35,-0.666,-0.427,2.002,-0.001,-0.0413,False,0.0021,1.22,2.64
3.4,48.4,99.4,103.18,3.79,-9.32,-1.36,20.22,16.56,20.11,-2.149,-1.164,-0.477,0.0,-0.0423,False,0.002,1.36,2.64
3.5,48.5,99.21,102.86,3.65,-1.87,-3.22,20.32,16.35,19.83,-2.655,0.852,-1.114,0.002,-0.0428,False,0.0024,1.49,2.63
3.6,48.6,99.2,102.43,3.22,-0.04,-4.26,20.28,16.71,19.64,-1.728,-0.925,-1.461,0.001,-0.0431,False,0.0028,1.62,2.63
3.7,48.7,98.83,102.25,3.42,-3.77,-1.79,20.21,16.7,19.7,0.825,0.554,-0.615,-0.0,-0.043,False,0.0026,1.76,2.62
3.8,48.8,98.55,102.1,3.55,-2.8,-1.49,20.11,16.86,19.37,-3.153,-0.056,-0.504,0.001,-0.0434,False,0.0028,1.9,2.6
3.9,48.9,98.69,102.69,4.0,1.4,5.95,20.16,16.58,19.55,1.944,-0.206,2.029,0.002,-0.0428,False,0.0035,2.05,2.6
4.0,49.0,98.5,102.84,4.34,-1.88,1.5,20.14,16.97,19.27,-2.602,-2.037,0.505,-0.001,-0.0435,False,0.003,2.22,2.59
4.1,49.1,98.98,102.67,3.69,4.79,-1.74,19.96,16.9,19.08,-1.756,-1.013,-0.578,0.001,-0.0441,False,0.0031,2.37,2.61
4.2,49.2,98.55,102.38,3.84,-4.32,-2.86,20.03,16.98,19.06,0.021,-0.863,-0.953,0.0,-0.0442,False,0.003,2.55,2.62
4.3,49.3,98.54,102.27,3.73,-0.04,-1.11,19.96,16.99,19.1,0.49,0.633,-0.37,-0.0,-0.0442,False,0.0028,2.72,2.64
4.4,49.4,98.17,102.29,4.12,-3.77,0.14,19.98,17.11,18.86,-2.16,-0.761,0.045,-0.0,-0.0445,False,0.0027,2.91,2.66
4.5,49.5,98.35,102.33,3.98,1.86,0.4,20.0,17.25,19.02,1.717,-0.254,0.131,0.0,-0.0444,False,0.0027,3.09,2.69
4.6,49.6,97.97,102.25,4.27,-3.77,-0.77,20.0,17.27,18.7,-3.048,-1.59,-0.252,0.0,-0.0449,False,0.0028,3.29,2.72
4.7,49.7,98.25,102.28,4.03,2.77,0.34,19.83,17.26,18.41,-2.761,-2.603,0.109,-0.0,-0.0453,False,0.0026,3.48,2.77
4.8,49.8,97.87,102.11,4.24,-3.84,-1.74,19.83,17.36,18.44,0.379,-0.234,-0.559,-0.0,-0.0455,False,0.0025,3.67,2.81
4.9,49.9,98.49,101.93,3.44,6.26,-1.74,19.67,17.38,18.32,-1.029,-0.798,-0.557,0.0,-0.0457,False,0.0026,3.87,2.9
5.0,50.0,98.16,101.97,3.81,-3.29,0.37,19.91,17.41,18.34,0.35,-1.859,0.117,0.0,-0.0457,False,0.0026,4.06,2.99
5.1,50.1,97.91,101.49,3.58,-2.52,-4.79,19.68,17.51,18.22,-1.137,-2.293,-1.523,0.001,-0.046,False,0.0029,4.26,3.07
5.2,50.2,98.5,101.18,2.69,5.85,-3.05,19.75,17.44,18.32,1.137,-1.038,-0.976,-0.001,-0.0459,False,0.0028,4.43,3.18
5.3,50.3,98.21,100.75,2.54,-2.87,-4.34,19.77,17.49,18.18,-1.297,-3.465,-1.376,0.001,-0.046,False,0.0031,4.61,3.3
5.4,50.4,98.45,100.38,1.94,2.38,-3.62,19.86,17.46,18.11,-0.606,1.021,-1.143,0.0,-0.0461,False,0.0033,4.79,3.45
5.5,50.5,98.3,100.33,2.03,-1.46,-0.53,19.66,17.46,17.91,-1.893,-1.659,-0.167,0.0,-0.0467,False,0.0034,4.95,3.57
5.6,50.6,97.67,100.51,2.84,-6.29,1.81,19.68,17.35,17.87,-0.341,-1.185,0.565,-0.0,-0.047,False,0.0034,5.15,3.71
5.7,50.7,97.72,100.69,2.97,0.43,1.78,19.73,17.38,17.69,-1.669,-0.667,0.548,-0.001,-0.0473,False,0.0032,5.36,3.87
5.8,50.8,97.91,100.71,2.8,1.95,0.23,19.66,17.09,17.57,-1.067,-0.995,0.07,-0.0,-0.0474,False,0.0032,5.57,4.04
5.9,50.9,97.28,100.62,3.34,-6.28,-0.91,19.69,17.05,17.44,-1.227,-0.962,-0.276,0.0,-0.0476,False,0.0033,5.81,4.23
6.0,51.0,97.32,100.73,3.4,0.41,1.06,19.69,16.73,17.31,-1.209,-0.177,0.32,-0.0,-0.0479,False,0.0033,6.06,4.43
6.1,51.1,97.52,100.37,2.85,1.96,-3.51,19.61,16.69,17.16,-1.475,-1.998,-1.05,0.001,-0.0479,False,0.0036,6.31,4.65
6.2,51.2,97.32,100.45,3.12,-1.96,0.73,19.66,16.59,17.09,-0.557,-0.873,0.217,-0.0,-0.0484,False,0.0036,6.57,4.88
6.3,51.3,97.32,100.71,3.39,0.0,2.69,19.57,16.64,17.08,-0.001,-0.998,0.801,-0.0,-0.0485,False,0.0036,6.85,5.14
6.4,51.4,97.32,100.91,3.58,-0.0,1.97,19.6,16.41,17.12,0.471,-0.554,0.587,0.0,-0.0485,False,0.0036,7.11,5.36
6.5,51.5,97.13,100.86,3.73,-1.96,-0.46,19.63,16.69,17.14,0.235,0.515,-0.137,-0.0,-0.0485,False,0.0036,7.39,5.6
6.6,51.6,97.52,100.74,3.22,3.92,-1.19,19.6,16.39,17.04,-0.934,-0.031,-0.354,0.0,-0.0486,False,0.0037,7.66,5.85
6.7,51.7,97.72,99.97,2.25,1.96,-7.71,19.67,16.35,16.96,-0.68,-0.209,-2.281,0.001,-0.0479,False,0.004,7.93,6.12
6.8,51.8,97.76,100.39,2.63,0.44,4.18,19.58,16.27,16.94,-0.142,0.187,1.235,-0.0,-0.0493,False,0.004,8.19,6.38
6.9,51.9,97.91,100.16,2.25,1.52,-2.24,19.6,16.27,16.98,0.535,0.264,-0.664,-0.0,-0.0487,False,0.004,8.46,6.66
7.0,52.0,97.76,99.57,1.81,-1.52,-5.95,19.57,16.22,16.99,0.176,-0.82,-1.764,-0.0,-0.048,False,0.004,8.72,6.92
7.1,52.1,97.72,99.13,1.41,-0.4,-4.39,19.62,16.27,17.13,1.47,0.136,-1.314,-0.001,-0.0479,False,0.0037,8.99,7.21
7.2,52.2,98.1,99.04,0.94,3.85,-0.84,19.61,16.22,16.94,-1.79,-0.589,-0.249,0.0,-0.0488,False,0.0038,9.24,7.49
7.3,52.3,97.96,99.24,1.28,-1.47,1.93,19.61,16.26,16.62,-3.188,-1.754,0.56,-0.001,-0.0499,False,0.0036,9.5,7.78
7.4,52.4,98.1,99.74,1.64,1.47,4.93,19.65,16.26,16.33,-2.776,-0.581,1.406,-0.002,-0.0507,False,0.0028,9.8,8.1
7.5,52.5,97.91,99.8,1.89,-1.93,0.6,19.59,16.24,16.28,-0.427,0.927,0.169,-0.0,-0.0504,False,0.0028,10.11,8.43
7.6,52.6,98.34,100.64,2.3,4.29,8.4,19.58,16.38,16.25,-0.214,2.142,2.383,-0.0,-0.0507,False,0.0027,10.44,8.78
7.7,52.7,97.53,100.16,2.64,-8.14,-4.74,19.63,16.59,16.12,-1.253,0.831,-1.333,0.001,-0.0501,False,0.003,10.79,9.13
7.8,52.8,98.15,99.85,1.69,6.26,-3.2,19.6,16.31,16.31,1.926,1.485,-0.91,-0.001,-0.05,False,0.0027,11.09,9.45
7.9,52.9,97.76,100.03,2.27,-3.93,1.8,19.55,16.33,15.95,-3.572,-1.886,0.502,-0.001,-0.0511,False,0.0024,11.43,9.79
8.0,53.0,98.1,100.27,2.17,3.45,2.45,19.62,16.26,16.06,1.194,1.878,0.687,0.0,-0.0512,False,0.0025,11.79,10.18
8.1,53.1,97.91,100.72,2.81,-1.97,4.41,19.66,16.3,15.79,-2.673,-2.244,1.216,-0.002,-0.0515,False,0.0019,12.15,10.54
8.2,53.2,97.57,100.63,3.06,-3.41,-0.93,19.56,15.89,16.27,4.865,-1.376,-0.264,-0.001,-0.0412,False,0.0017,12.51,10.89
8.3,53.3,97.91,101.25,3.34,3.45,6.19,19.64,16.21,16.15,-1.184,-1.27,1.746,-0.002,-0.0427,False,0.0014,12.84,11.22
8.4,53.4,97.32,101.19,3.86,-5.87,-0.65,19.64,15.87,15.94,-2.078,-1.254,-0.18,-0.0,-0.043,False,0.0014,13.21,11.58
8.5,53.5,97.56,100.67,3.11,2.35,-5.16,19.55,16.33,15.92,-0.149,-0.656,-1.434,0.0,-0.0429,False,0.0014,13.59,11.96
8.6,53.6,97.17,100.15,2.98,-3.9,-5.18,19.51,16.02,15.9,-0.155,-1.42,-1.437,0.0,-0.0427,False,0.0015,13.96,12.78
8.7,53.7,97.17,100.57,3.41,-0.02,4.21,19.54,16.15,15.87,-0.235,-0.941,1.165,-0.0,-0.0524,False,0.0014,14.32,13.14
8.8,53.8,97.01,100.99,3.99,-1.6,4.21,19.38,16.38,15.84,-0.301,-0.914,1.163,-0.0,-0.0519,False,0.0013,14.69,13.5
8.9,53.9,96.58,101.6,5.02,-4.32,6.02,19.5,16.41,15.84,0.07,-1.615,1.664,0.0,-0.0515,False,0.0013,15.07,13.86
9.0,54.0,96.37,102.13,5.75,-2.02,5.29,19.48,16.43,15.78,-0.573,-0.44,1.457,-0.001,-0.0513,False,0.0012,15.46,14.23
9.1,54.1,95.75,102.08,6.33,-6.2,-0.46,19.53,16.32,15.72,-0.61,-0.266,-0.126,0.0,-0.0524,False,0.0012,15.86,14.59
9.2,54.2,96.18,102.04,5.85,4.29,-0.43,19.44,16.36,15.62,-0.95,0.476,-0.117,0.0,-0.0526,False,0.0013,16.27,14.96
9.3,54.3,95.42,101.79,6.37,-7.62,-2.46,19.38,16.47,15.39,-2.371,0.299,-0.66,0.001,-0.0532,False,0.0016,16.68,15.33
9.4,54.4,94.99,101.9,6.92,-4.34,1.16,19.37,16.34,15.45,0.631,0.061,0.314,0.0,-0.053,False,0.0016,17.13,15.74
9.5,54.5,94.4,101.54,7.14,-5.91,-3.6,19.4,16.29,15.35,-0.976,0.192,-0.966,0.001,-0.0535,False,0.0018,17.56,16.12
9.6,54.6,94.39,101.24,6.85,-0.06,-2.94,19.39,16.3,15.33,-0.299,-0.592,-0.786,0.0,-0.0535,False,0.0019,17.99,16.5
9.7,54.7,93.82,101.6,7.78,-5.72,3.54,19.36,16.56,15.26,-0.638,-1.309,0.942,-0.0,-0.0534,False,0.0018,18.42,16.87
9.8,54.8,93.6,102.11,8.51,-2.21,5.1,19.36,16.76,15.17,-0.982,-0.925,1.35,-0.001,-0.0531,False,0.0016,18.87,17.25
9.9,54.9,93.4,101.77,8.37,-1.97,-3.39,19.36,16.77,15.01,-1.64,-0.11,-0.889,0.001,-0.0547,False,0.0018,19.31,17.62
10.0,55.0,92.8,101.77,8.97,-5.99,0.05,19.35,16.96,14.84,-1.724,-0.285,0.012,0.0,-0.0547,False,0.0019,19.78,18.02
10.1,55.1,92.6,101.88,9.28,-2.0,1.07,19.32,17.08,14.79,-0.586,-0.701,0.275,-0.0,-0.0548,False,0.0019,20.25,18.42
10.2,55.2,92.0,101.95,9.95,-6.0,0.74,19.37,17.07,14.73,-0.744,0.365,0.191,-0.0,-0.0552,False,0.0019,20.73,18.81
10.3,55.3,91.6,102.4,10.8,-4.0,4.46,19.38,16.97,14.52,-2.241,-0.628,1.131,-0.002,-0.0548,False,0.0016,21.23,19.2
10.4,55.4,90.8,102.48,11.68,-8.04,0.79,19.32,17.09,14.43,-0.921,-1.73,0.199,-0.0,-0.0561,False,0.0016,21.76,19.63
10.5,55.5,90.4,102.33,11.93,-4.01,-1.51,19.4,17.18,14.37,-0.804,-0.861,-0.378,0.0,-0.0568,False,0.0018,22.29,20.05
10.6,55.6,90.19,101.83,11.64,-2.03,-4.89,19.39,17.19,14.22,-1.655,-1.059,-1.214,0.001,-0.0576,False,0.0022,22.81,21.67
10.7,55.7,89.59,101.93,12.34,-5.99,1.01,19.44,17.26,14.36,1.224,-0.032,0.254,0.0,-0.0572,False,0.0023,23.33,22.13
10.8,55.8,89.0,102.71,13.71,-5.91,7.75,19.4,17.39,14.18,-1.951,-0.864,1.919,-0.003,-0.0554,False,0.0018,23.86,22.56
10.9,55.9,88.8,102.13,13.32,-2.01,-5.79,19.45,17.37,13.94,-2.677,-1.051,-1.409,0.003,-0.0595,False,0.0026,24.4,23.0
11.0,56.0,88.41,101.7,13.28,-3.89,-4.3,19.5,17.43,14.02,0.602,-1.398,-1.051,-0.0,-0.059,False,0.0026,24.97,23.48
11.1,56.1,88.01,101.95,13.93,-4.03,2.45,19.49,17.43,13.66,-3.856,-2.728,0.584,-0.002,-0.0585,False,0.0022,25.51,23.92
11.2,56.2,87.63,102.19,14.56,-3.84,2.47,19.55,17.43,13.7,0.226,-0.633,0.591,-0.0,-0.0587,False,0.0023,26.1,24.4
11.3,56.3,87.41,102.6,15.19,-2.12,4.11,19.52,17.45,13.54,-1.843,-2.177,0.972,-0.001,-0.0584,False,0.0022,26.69,24.86
11.4,56.4,87.03,102.32,15.29,-3.82,-2.77,19.58,17.44,13.2,-3.733,-2.86,-0.637,0.002,-0.061,False,0.0027,27.32,25.37
11.5,56.5,86.84,101.77,14.94,-1.95,-5.48,19.63,17.47,13.46,2.604,2.214,-1.288,-0.002,-0.0131,False,0.0026,28.06,26.01
11.6,56.6,86.44,101.3,14.86,-3.94,-4.68,19.63,17.39,12.95,-5.08,-2.418,-1.056,0.002,-0.0187,False,0.0028,28.85,26.71
11.7,56.7,86.46,100.54,14.08,0.17,-7.66,19.65,17.33,13.23,2.843,1.92,-1.769,-0.002,-0.0212,False,0.0026,29.61,27.38
11.8,56.8,86.25,100.86,14.61,-2.15,3.15,19.66,17.44,13.31,0.749,1.174,0.731,-0.001,-0.052,False,0.0024,30.33,28.0
11.9,56.9,86.26,100.58,14.32,0.13,-2.78,19.67,17.27,13.64,3.266,1.081,-0.663,-0.002,-0.0462,False,0.002,31.07,28.64
12.0,57.0,85.87,101.3,15.43,-3.84,7.14,19.73,17.46,13.46,-1.886,0.327,1.678,-0.003,-0.0463,False,0.0015,31.74,29.19
12.1,57.1,85.87,100.67,14.8,-0.0,-6.36,19.72,17.42,13.5,0.406,1.09,-1.499,-0.001,-0.0462,False,0.0013,32.46,29.8
12.2,57.2,85.48,100.86,15.38,-3.91,1.92,19.75,17.49,13.42,-0.848,-1.878,0.45,-0.001,-0.0464,False,0.0012,33.18,30.41
12.3,57.3,85.06,100.74,15.67,-4.19,-1.26,19.67,17.35,13.28,-1.54,-0.737,-0.292,0.0,-0.0464,False,0.0012,33.91,31.02
12.4,57.4,84.7,100.85,16.14,-3.63,1.08,19.71,17.26,13.16,-1.171,-0.424,0.247,-0.0,-0.0467,False,0.0011,34.67,31.65
12.5,57.5,84.46,100.75,16.28,-2.38,-0.99,19.68,17.03,12.97,-2.043,-0.196,-0.224,0.0,-0.0466,False,0.0012,35.46,32.32
12.6,57.6,83.89,100.54,16.66,-5.78,-2.05,19.67,16.78,13.07,0.65,-0.735,-0.468,-0.0,-0.0585,False,0.001,36.06,32.75
12.7,57.7,83.66,100.59,16.94,-2.29,0.48,19.65,16.56,13.04,-0.698,-0.06,0.109,-0.0,-0.0637,False,0.0009,36.67,33.18
12.8,57.8,83.65,100.14,16.49,-0.08,-4.57,19.59,16.44,13.05,-0.222,-0.554,-1.041,0.0,-0.0627,False,0.0008,37.28,33.62
12.9,57.9,82.91,100.07,17.16,-7.38,-0.7,19.62,16.29,13.01,-0.754,0.118,-0.16,0.0,-0.0637,False,0.0006,37.91,34.08
13.0,58.0,82.87,100.12,17.25,-0.46,0.47,19.61,16.41,12.99,-0.606,-0.677,0.106,-0.0,-0.064,False,0.0004,38.54,34.53
13.1,58.1,82.28,100.18,17.9,-5.81,0.57,19.64,16.61,13.0,-0.163,0.73,0.13,-0.0,-0.064,False,0.0003,39.17,34.96
13.2,58.2,82.09,100.22,18.13,-1.99,0.33,19.63,16.14,12.99,-0.495,-0.808,0.075,-0.0,-0.064,False,0.0001,39.84,35.44
13.3,58.3,81.7,100.45,18.75,-3.86,2.31,19.65,16.53,12.9,-1.228,0.056,0.521,-0.0,-0.0644,False,-0.0001,40.48,35.88
13.4,58.4,81.45,100.48,19.02,-2.46,0.22,19.61,16.22,12.85,-0.862,0.205,0.05,-0.0,-0.0641,False,-0.0002,41.16,36.36
13.5,58.5,81.16,100.6,19.44,-2.91,1.21,19.71,16.28,12.9,0.16,0.082,0.272,0.0,-0.0641,False,-0.0003,41.86,36.84
13.6,58.6,80.86,100.42,19.55,-2.98,-1.83,19.65,16.15,13.04,0.952,0.368,-0.417,-0.0,-0.0634,False,-0.0005,42.54,37.3
13.7,58.7,80.34,100.04,19.7,-5.25,-3.75,19.72,16.32,13.04,-0.27,0.448,-0.854,0.0,-0.0625,False,-0.0006,43.21,37.75
13.8,58.8,80.14,99.46,19.32,-1.97,-5.81,19.73,16.14,13.03,-0.468,-0.048,-1.321,0.0,-0.0609,False,-0.0007,43.93,38.57
13.9,58.9,79.95,99.44,19.5,-1.95,-0.26,19.7,16.28,13.03,-0.386,0.339,-0.059,0.0,-0.0633,False,-0.001,44.61,40.52
14.0,59.0,79.38,99.63,20.26,-5.72,1.85,19.75,16.23,13.08,0.137,-0.02,0.422,0.0,-0.0642,False,-0.0012,45.29,41.92
14.1,59.1,79.57,99.84,20.27,1.92,2.03,19.78,16.42,13.17,0.553,-0.374,0.466,0.0,-0.0641,False,-0.0013,45.99,42.45
14.2,59.2,79.37,99.62,20.25,-1.94,-2.2,19.84,16.49,13.22,0.225,0.556,-0.508,-0.0,-0.0624,False,-0.0015,46.71,42.98
14.3,59.3,79.24,99.66,20.42,-1.37,0.37,19.85,16.54,13.17,-0.898,-0.471,0.086,-0.0,-0.0634,False,-0.0017,47.43,43.51
14.4,59.4,78.61,99.49,20.88,-6.29,-1.75,19.87,16.59,13.07,-1.32,0.573,-0.399,0.0,-0.0628,False,-0.0018,48.12,44.01
14.5,59.5,78.42,99.12,20.7,-1.91,-3.64,19.88,16.57,12.69,-4.197,0.966,-0.806,0.003,-0.0621,False,-0.0015,48.84,44.53
14.6,59.6,78.29,99.11,20.82,-1.26,-0.14,19.92,16.36,12.89,1.603,0.467,-0.031,0.0,-0.0644,False,-0.0018,49.59,45.08
14.7,59.7,78.04,98.78,20.74,-2.56,-3.37,19.87,16.56,12.97,0.39,1.506,-0.764,-0.0,-0.0621,False,-0.0021,50.32,45.61
14.8,59.8,78.04,98.56,20.52,-0.0,-2.26,19.88,16.6,12.94,-0.646,0.613,-0.511,0.0,-0.0625,False,-0.0024,51.05,46.13
14.9,59.9,77.97,98.57,20.6,-0.7,0.06,19.85,16.63,13.04,0.601,0.923,0.014,0.0,-0.0642,False,-0.0027,51.78,46.65
15.0,60.0,77.65,98.94,21.29,-3.11,3.66,19.84,16.65,13.12,0.47,0.324,0.837,0.0,-0.0663,False,-0.0029,52.51,47.16
15.1,60.1,77.59,99.27,21.69,-0.68,3.32,19.83,16.73,13.19,0.614,-0.134,0.764,0.0,-0.0138,False,-0.0029,53.39,47.87
15.2,60.2,77.58,99.26,21.68,-0.08,-0.13,19.8,16.8,13.07,-1.205,-0.889,-0.03,0.0,-0.0193,False,-0.0029,54.28,48.6
15.3,60.3,76.82,99.28,22.46,-7.54,0.22,19.82,16.75,13.06,-0.157,-1.203,0.051,0.0,-0.0218,False,-0.0029,55.17,49.31
15.4,60.4,76.63,99.69,23.06,-1.94,4.06,19.86,16.77,13.06,-0.463,-0.69,0.924,-0.0,-0.0618,False,-0.0031,55.93,49.81
15.5,60.5,76.18,99.89,23.71,-4.5,1.99,19.81,16.85,13.0,-0.574,0.586,0.453,-0.0,-0.0136,False,-0.0031,56.85,50.55
15.6,60.6,76.18,99.69,23.51,-0.0,-2.03,19.78,16.82,13.05,0.042,0.389,-0.462,-0.0,-0.0627,False,-0.0033,57.58,51.0
15.7,60.7,75.5,99.06,23.55,-6.8,-6.43,19.92,16.89,13.12,0.232,0.359,-1.472,-0.0,-0.0618,False,-0.0036,58.36,51.5
15.8,60.8,75.15,98.61,23.46,-3.48,-4.49,19.84,16.94,13.11,-0.517,0.25,-1.026,0.0,-0.0622,False,-0.0039,59.09,51.95
15.9,60.9,75.09,98.73,23.64,-0.66,1.13,19.93,16.97,13.19,0.41,0.466,0.26,0.0,-0.066,False,-0.0042,59.9,52.92
16.0,61.0,74.02,98.83,24.81,-10.63,0.95,19.88,17.03,13.22,-0.153,0.538,0.219,-0.0,-0.066,False,-0.0045,60.6,54.31
16.1,61.1,74.02,99.04,25.01,-0.0,2.02,19.9,17.12,13.27,0.006,-0.554,0.467,0.0,-0.0665,False,-0.0047,61.35,54.76
16.2,61.2,73.84,99.45,25.61,-1.87,4.08,19.9,17.14,13.28,-0.279,0.141,0.946,-0.0,-0.0671,False,-0.005,62.11,55.23
16.3,61.3,73.0,99.41,26.41,-8.38,-0.5,19.9,17.17,13.38,0.542,0.345,-0.116,-0.0,-0.0651,False,-0.0052,62.89,55.69
16.4,61.4,72.63,99.09,26.47,-3.72,-3.17,19.88,17.12,13.4,-0.288,0.546,-0.741,0.0,-0.0637,False,-0.0054,63.68,56.15
16.5,61.5,72.63,99.58,26.95,-0.0,4.78,19.92,17.15,13.43,-0.147,-0.161,1.121,-0.0,-0.0667,False,-0.0056,64.47,56.6
16.6,61.6,72.44,99.88,27.44,-1.85,3.01,19.88,17.07,13.48,0.138,0.757,0.708,0.0,-0.0658,False,-0.0056,65.27,57.06
16.7,61.7,71.32,99.69,28.37,-11.25,-1.94,19.86,17.1,13.57,0.403,0.51,-0.459,-0.0,-0.0642,False,-0.0058,66.08,57.5
16.8,61.8,70.76,99.72,28.96,-5.53,0.32,19.83,17.08,13.51,-0.96,0.295,0.074,-0.0,-0.0647,False,-0.006,66.9,57.94
16.9,61.9,70.76,99.71,28.95,-0.05,-0.14,19.92,17.11,13.61,0.552,1.21,-0.033,-0.0,-0.0645,False,-0.0061,67.75,58.41
17.0,62.0,70.29,100.06,29.77,-4.7,3.45,19.83,17.0,13.66,0.048,0.791,0.824,0.0,-0.065,False,-0.0062,68.56,58.82
17.1,62.1,69.96,100.08,30.12,-3.3,0.12,20.04,16.99,13.68,-0.244,1.003,0.029,0.0,-0.0643,False,-0.0062,69.43,59.28
17.2,62.2,68.42,100.37,31.95,-15.4,2.97,19.86,16.99,13.67,-0.501,0.572,0.708,-0.0,-0.0644,False,-0.0063,70.3,59.7
17.3,62.3,68.47,100.19,31.72,0.54,-1.85,20.07,16.93,13.71,-0.028,0.788,-0.443,-0.0,-0.0638,False,-0.0064,71.2,60.16
17.4,62.4,68.12,99.81,31.68,-3.53,-3.87,20.06,16.92,13.66,-0.938,-0.256,-0.922,0.001,-0.063,False,-0.0064,72.13,60.63
17.5,62.5,68.66,99.59,30.93,5.39,-2.22,19.81,16.9,13.6,-1.092,-0.017,-0.526,0.0,-0.0633,False,-0.0064,73.06,61.14
17.6,62.6,68.54,99.4,30.86,-1.23,-1.91,19.88,16.88,13.57,-0.641,1.389,-0.453,0.0,-0.0633,False,-0.0065,73.87,61.49
17.7,62.7,67.58,99.53,31.95,-9.61,1.29,19.87,16.72,13.62,0.003,0.565,0.308,0.0,-0.0642,False,-0.0067,74.77,61.93
17.8,62.8,67.57,99.54,31.97,-0.02,0.11,19.91,16.8,13.67,0.16,0.401,0.026,0.0,-0.0637,False,-0.0068,75.69,62.39
17.9,62.9,67.39,99.94,32.55,-1.83,3.97,19.88,16.81,13.83,1.11,0.63,0.958,0.001,-0.0642,False,-0.0067,76.61,64.04
18.0,63.0,66.98,99.97,32.99,-4.09,0.29,19.95,16.71,13.93,0.63,0.456,0.07,0.0,-0.063,False,-0.0068,77.53,64.89
18.1,63.1,66.37,99.62,33.25,-6.11,-3.56,19.92,16.75,14.01,0.425,0.213,-0.87,-0.0,-0.0618,False,-0.0069,78.48,65.37
18.2,63.2,66.16,99.98,33.82,-2.16,3.58,20.03,16.86,13.99,-0.609,0.505,0.873,-0.0,-0.0632,False,-0.007,79.44,65.84
18.3,63.3,66.97,100.08,33.11,8.15,1.03,20.05,16.85,14.0,-0.338,-0.608,0.252,-0.0,-0.0628,False,-0.0071,80.39,66.32
18.4,63.4,65.84,100.11,34.27,-11.27,0.25,20.02,16.88,13.97,-0.681,0.483,0.06,-0.0,-0.0625,False,-0.0072,81.36,66.79
18.5,63.5,66.15,100.15,34.0,3.03,0.36,20.07,16.88,13.92,-0.605,0.564,0.086,-0.0,-0.0137,False,-0.0072,82.46,67.5
18.6,63.6,66.1,100.21,34.11,-0.47,0.58,20.12,16.88,13.89,-0.679,1.38,0.14,-0.0,-0.0609,False,-0.0072,83.44,67.98
18.7,63.7,65.67,99.88,34.21,-4.35,-3.32,20.08,16.87,13.96,0.276,0.829,-0.808,-0.0,-0.0618,False,-0.0073,84.43,68.46
18.8,63.8,65.92,100.2,34.27,2.6,3.17,20.16,16.85,13.95,-0.478,0.893,0.771,-0.0,-0.0629,False,-0.0074,85.43,68.96
18.9,63.9,65.62,100.31,34.69,-3.05,1.07,20.11,16.89,13.95,-0.414,1.374,0.261,-0.0,-0.0627,False,-0.0074,86.44,69.46
19.0,64.0,65.8,100.75,34.95,1.75,4.42,20.1,16.87,13.98,-0.053,0.855,1.08,0.0,-0.0624,False,-0.0074,87.45,69.95
19.1,64.1,65.45,100.5,35.06,-3.5,-2.49,20.16,17.0,14.03,0.029,1.109,-0.609,-0.0,-0.0623,False,-0.0074,88.48,70.46
19.2,64.2,65.67,100.84,35.18,2.2,3.4,20.08,16.97,14.0,-0.675,0.592,0.832,-0.0,-0.0622,False,-0.0075,89.49,70.94
19.3,64.3,65.62,100.89,35.27,-0.45,0.49,20.11,16.88,13.81,-2.311,-0.416,0.119,-0.0,-0.0627,False,-0.0075,90.52,71.45
19.4,64.4,65.8,101.12,35.33,1.75,2.27,20.09,16.89,13.84,-0.106,0.677,0.549,-0.0,-0.0624,False,-0.0074,91.56,71.97
19.5,64.5,65.79,101.1,35.31,-0.02,-0.16,20.1,16.85,13.88,0.001,0.631,-0.039,0.0,-0.0627,False,-0.0074,92.62,72.51
19.6,64.6,65.62,101.2,35.58,-1.72,0.97,20.11,16.84,13.98,0.635,1.019,0.238,0.0,-0.0624,False,-0.0073,93.67,73.02
19.7,64.7,65.8,101.58,35.78,1.74,3.78,20.08,16.89,14.0,-0.229,-0.238,0.924,-0.0,-0.0616,False,-0.0072,94.7,125.2
19.8,64.8,65.62,100.98,35.36,-1.75,-5.99,20.19,16.81,13.99,-0.492,0.746,-1.462,0.0,-0.063,False,-0.0071,95.76,125.58
19.9,64.9,65.8,101.42,35.63,1.75,4.47,20.09,16.86,14.02,-0.096,-0.128,1.095,0.0,-0.0616,False,-0.0071,96.81,125.96
20.0,65.0,65.49,101.36,35.87,-3.07,-0.66,20.03,16.84,14.08,0.212,1.676,-0.162,-0.0,-0.0622,False,-0.007,97.87,126.35
20.1,65.1,65.62,101.81,36.19,1.31,4.5,20.13,16.83,14.11,-0.101,0.932,1.108,0.0,-0.0608,False,-0.0069,98.94,126.74
20.2,65.2,65.44,102.0,36.55,-1.76,1.93,20.1,16.73,14.1,-0.563,1.358,0.475,-0.0,-0.0612,False,-0.0068,100.04,127.17
20.3,65.3,65.31,101.94,36.63,-1.32,-0.54,20.1,16.74,14.08,-0.6,1.062,-0.134,0.0,-0.0621,False,-0.0067,101.12,127.58
20.4,65.4,65.14,101.96,36.82,-1.72,0.23,20.11,16.65,14.11,-0.061,1.604,0.056,0.0,-0.0618,False,-0.0066,102.21,128.01
20.5,65.5,65.27,101.96,36.69,1.3,0.02,20.15,16.63,14.14,-0.066,0.617,0.006,-0.0,-0.0617,False,-0.0065,103.31,128.45
20.6,65.6,65.1,101.58,36.48,-1.74,-3.82,20.19,16.66,14.15,-0.32,0.914,-0.944,0.0,-0.0625,False,-0.0064,104.42,128.89
20.7,65.7,64.96,101.73,36.77,-1.36,1.53,20.18,16.67,14.09,-0.908,1.748,0.376,-0.0,-0.0613,False,-0.0064,105.52,129.33
20.8,65.8,64.58,101.82,37.24,-3.82,0.85,20.23,16.66,14.1,-0.29,1.874,0.209,-0.0,-0.0613,False,-0.0063,106.63,129.79
20.9,65.9,64.96,102.24,37.28,3.86,4.26,20.16,16.62,14.09,-0.493,-0.147,1.047,-0.0,-0.06,False,-0.0062,107.74,130.25
21.0,66.0,64.75,101.65,36.9,-2.16,-5.95,20.22,16.74,14.16,0.34,1.457,-1.47,-0.0,-0.0628,False,-0.0062,108.9,130.74
21.1,66.1,64.45,102.44,38.0,-3.02,8.04,20.24,16.71,14.32,1.16,1.637,2.009,0.002,-0.058,False,-0.0059,110.04,131.24
21.2,66.2,64.75,102.08,37.34,3.02,-3.6,20.25,16.72,14.43,0.738,1.706,-0.906,-0.0,-0.0612,False,-0.0058,111.18,131.72
21.3,66.3,64.44,101.59,37.14,-3.05,-4.99,20.27,16.82,14.55,0.865,0.992,-1.267,-0.001,-0.0615,False,-0.0059,112.29,132.19
21.4,66.4,64.41,101.65,37.25,-0.37,0.68,20.3,16.83,14.45,-1.315,0.338,0.172,-0.0,-0.0602,False,-0.0059,113.43,132.68
21.5,66.5,64.27,101.61,37.34,-1.36,-0.49,20.27,16.69,14.5,0.154,1.294,-0.123,-0.0,-0.0605,False,-0.0058,114.56,133.17
21.6,66.6,63.93,101.95,38.02,-3.44,3.44,20.25,16.6,14.41,-1.268,0.977,0.866,-0.001,-0.0595,False,-0.0058,115.72,133.68
21.7,66.7,64.27,101.91,37.65,3.4,-0.36,20.26,16.57,14.55,1.018,0.905,-0.09,-0.0,-0.0603,False,-0.0058,116.88,134.2
21.8,66.8,63.93,102.33,38.41,-3.38,4.21,20.27,16.62,14.58,-0.01,2.517,1.072,0.0,-0.0586,False,-0.0057,118.05,134.72
21.9,66.9,64.13,102.71,38.58,2.04,3.84,20.25,16.39,14.74,1.196,2.001,0.989,0.001,-0.058,False,-0.0055,119.2,135.24
22.0,67.0,64.09,103.37,39.28,-0.42,6.56,20.21,16.44,14.75,-0.235,1.829,1.689,-0.0,-0.0556,False,-0.0053,120.39,135.78
22.1,67.1,63.3,103.23,39.93,-7.87,-1.32,20.22,16.38,14.67,-1.067,-1.783,-0.337,0.0,-0.0598,False,-0.0052,121.57,136.32
22.2,67.2,63.96,103.3,39.34,6.55,0.73,20.16,16.41,14.93,2.284,1.91,0.19,0.0,-0.0586,False,-0.005,122.78,136.88
22.3,67.3,63.79,103.21,39.42,-1.72,-0.89,20.16,16.31,14.65,-3.106,-0.56,-0.229,0.0,-0.0595,False,-0.0049,123.97,137.43
22.4,67.4,63.65,103.29,39.64,-1.39,0.84,20.13,16.36,14.51,-1.703,-0.633,0.213,-0.0,-0.0588,False,-0.0048,125.16,137.98
22.5,67.5,63.99,104.09,40.1,3.43,7.96,20.09,16.67,14.33,-2.178,-0.746,1.992,-0.003,-0.0539,False,-0.005,126.39,138.56
22.6,67.6,63.82,104.18,40.36,-1.7,0.87,20.08,16.77,14.18,-1.829,-0.062,0.214,-0.0,-0.0597,False,-0.0049,127.58,139.12
22.7,67.7,64.13,104.69,40.56,3.11,5.22,20.08,17.2,14.29,0.74,0.787,1.302,0.001,-0.0557,False,-0.0046,128.82,139.73
22.8,67.8,64.03,105.64,41.62,-1.03,9.53,20.03,17.42,14.24,-0.903,1.243,2.368,-0.001,-0.0505,False,-0.0045,130.05,140.3
22.9,67.9,63.99,106.01,42.02,-0.34,3.73,20.05,17.31,14.25,-0.255,2.191,0.928,-0.0,-0.0564,False,-0.0042,131.28,140.88
23.0,68.0,63.82,106.32,42.5,-1.73,3.11,20.04,17.2,13.9,-3.832,0.293,0.755,-0.002,-0.0575,False,-0.0042,132.55,141.49
23.1,68.1,63.85,106.48,42.62,0.33,1.64,19.98,17.03,13.97,0.238,1.324,0.401,-0.0,-0.0597,False,-0.0039,133.83,142.13
23.2,68.2,63.85,106.79,42.94,-0.02,3.23,20.0,17.03,13.94,-0.597,0.536,0.786,-0.0,-0.0578,False,-0.0036,135.1,142.74
23.3,68.3,63.68,106.56,42.88,-1.72,-2.26,19.9,16.93,14.04,0.617,1.37,-0.555,-0.0,-0.0644,False,-0.0033,136.36,143.35
23.4,68.4,63.36,106.29,42.93,-3.16,-2.62,19.94,17.02,14.07,-0.158,0.743,-0.643,-0.0,-0.065,False,-0.003,137.63,143.97
23.5,68.5,63.85,105.91,42.06,4.84,-3.73,19.93,16.94,14.06,-0.495,1.596,-0.915,0.0,-0.066,False,-0.0027,138.92,144.61
23.6,68.6,63.54,105.94,42.4,-3.11,0.36,19.85,16.86,14.12,0.242,0.958,0.089,0.0,-0.0619,False,-0.0024,140.15,145.2
23.7,68.7,63.39,105.79,42.4,-1.42,-1.43,19.8,16.77,14.16,-0.006,-0.226,-0.354,-0.0,-0.0632,False,-0.0021,141.38,145.79
23.8,68.8,63.22,106.43,43.21,-1.73,6.5,19.79,16.62,14.14,-0.606,1.103,1.605,-0.001,-0.055,False,-0.0019,142.66,146.42
23.9,68.9,63.39,106.13,42.74,1.7,-3.0,19.8,16.43,14.24,0.617,0.507,-0.746,-0.0,-0.0642,False,-0.0017,143.93,147.04
24.0,69.0,63.07,106.46,43.38,-3.17,3.34,19.72,16.43,14.22,-0.604,1.146,0.829,-0.0,-0.058,False,-0.0015,145.18,147.65
24.1,69.1,63.57,106.38,42.81,4.93,-0.74,19.72,16.38,14.25,0.027,-0.538,-0.185,-0.0,-0.0618,False,-0.0012,146.46,148.29
24.2,69.2,63.25,106.97,43.72,-3.17,6.0,19.66,16.48,14.26,-0.31,1.326,1.495,-0.0,-0.0543,False,-0.001,147.72,148.91
24.3,69.3,62.93,106.99,44.07,-3.23,0.3,19.66,16.54,14.33,0.326,1.526,0.075,0.0,-0.0601,False,-0.0007,149.0,149.55
24.4,69.4,63.28,107.37,44.09,3.53,3.89,19.58,16.51,14.39,0.199,-0.436,0.977,0.0,-0.0561,False,-0.0004,150.28,150.18
24.5,69.5,63.08,107.44,44.37,-2.02,0.78,19.64,16.74,14.36,-0.63,1.072,0.197,-0.0,-0.0594,False,-0.0001,151.6,150.85
24.6,69.6,63.46,106.98,43.52,3.79,-4.58,19.56,16.55,14.34,-0.527,0.855,-1.146,0.0,-0.0657,False,0.0002,152.86,151.46
24.7,69.7,63.1,107.3,44.2,-3.54,3.29,19.56,16.56,14.25,-1.309,1.168,0.818,-0.001,-0.0574,False,0.0004,154.15,152.11
24.8,69.8,63.13,107.01,43.87,0.29,-2.92,19.47,16.51,14.33,0.512,0.964,-0.73,-0.0,-0.0637,False,0.0006,155.44,152.77
24.9,69.9,63.13,107.08,43.95,0.02,0.81,19.47,16.59,14.31,-0.619,1.374,0.203,-0.0,-0.0599,False,0.0008,156.72,153.41
25.0,70.0,63.34,107.29,43.95,2.07,2.16,19.35,16.35,14.4,0.613,-0.019,0.543,0.0,-0.058,False,0.0011,157.99,154.03
25.1,70.1,63.31,107.21,43.9,-0.32,-0.73,19.35,16.5,14.46,0.19,1.406,-0.184,-0.0,-0.061,False,0.0013,159.27,154.67
25.2,70.2,63.16,107.46,44.29,-1.46,2.53,19.35,16.44,14.45,-0.413,0.39,0.637,-0.0,-0.0575,False,0.0015,160.55,155.31
25.3,70.3,63.19,107.5,44.31,0.3,0.53,19.25,16.63,14.5,0.167,0.152,0.133,0.0,-0.0594,False,0.0018,161.8,155.92
25.4,70.4,63.19,107.3,44.1,0.02,-1.97,19.21,16.63,14.51,-0.327,0.015,-0.498,0.0,-0.0622,False,0.002,163.09,156.56
25.5,70.5,63.37,107.14,43.77,1.79,-1.51,19.14,16.64,14.43,-1.099,1.195,-0.381,0.0,-0.062,False,0.0023,164.33,157.17
25.6,70.6,63.59,107.16,43.57,2.14,0.22,19.0,16.56,14.51,0.492,-0.258,0.055,0.0,-0.06,False,0.0025,165.58,157.77
25.7,70.7,63.59,107.31,43.72,0.0,1.6,18.99,16.69,14.54,-0.077,0.302,0.407,0.0,-0.0583,False,0.0027,166.83,158.38
25.8,70.8,63.47,107.35,43.88,-1.17,0.47,18.85,16.57,14.56,-0.141,0.132,0.119,0.0,-0.0594,False,0.0029,168.06,158.97
25.9,70.9,63.84,107.59,43.74,3.7,2.4,18.71,16.6,14.52,-0.732,0.555,0.609,-0.0,-0.0574,False,0.0031,169.29,159.55
26.0,71.0,64.39,107.57,43.18,5.52,-0.1,18.65,16.53,14.64,0.825,0.089,-0.026,-0.0,-0.0599,False,0.0033,170.52,160.13
26.1,71.1,63.54,107.87,44.33,-8.53,3.09,18.56,16.67,14.67,-0.05,0.103,0.791,0.0,-0.0563,False,0.0036,171.74,160.71
26.2,71.2,63.76,107.48,43.72,2.21,-3.88,18.43,16.69,14.72,0.173,0.05,-0.997,-0.0,-0.0636,False,0.0037,172.94,161.25
26.3,71.3,64.14,107.0,42.86,3.8,-4.77,18.31,16.76,14.88,1.241,-0.697,-1.238,-0.001,-0.064,False,0.0038,174.13,161.8
26.4,71.4,64.14,107.45,43.31,-0.0,4.64,18.24,16.75,15.22,3.045,-0.169,1.233,0.003,-0.0544,False,0.0042,175.32,162.33
26.5,71.5,64.41,108.27,43.87,2.69,8.33,18.07,16.9,15.28,0.271,0.135,2.22,0.001,-0.0489,False,0.0045,176.51,162.86
26.6,71.6,64.07,108.6,44.53,-3.41,3.29,18.01,16.85,15.18,-1.279,-2.195,0.873,-0.001,-0.0539,False,0.0047,177.7,163.38
26.7,71.7,64.41,108.29,43.87,3.45,-3.1,17.93,16.98,15.41,1.941,0.215,-0.834,-0.001,-0.0613,False,0.0047,178.89,163.89
26.8,71.8,64.1,108.52,44.42,-3.09,2.38,17.84,16.92,15.29,-1.501,-1.926,0.635,-0.001,-0.0556,False,0.0048,180.08,164.39
26.9,71.9,64.49,108.16,43.67,3.91,-3.56,17.79,16.97,15.41,0.841,-0.224,-0.958,-0.001,-0.0616,False,0.0049,181.27,164.91
27.0,72.0,64.3,108.49,44.19,-1.95,3.35,17.79,17.05,15.38,-0.628,-0.002,0.898,-0.0,-0.0545,False,0.0051,182.44,165.4
27.1,72.1,64.34,108.59,44.25,0.41,1.03,17.66,16.99,15.42,0.171,-1.097,0.276,0.0,-0.0566,False,0.0052,183.62,165.87
27.2,72.2,64.93,108.77,43.84,5.93,1.9,17.58,17.18,15.49,0.325,-0.569,0.514,0.0,-0.0556,False,0.0054,184.8,166.37
27.3,72.3,64.58,108.76,44.18,-3.5,-0.02,17.5,17.17,15.68,1.616,0.235,-0.005,0.0,-0.0574,False,0.0056,185.97,166.84
27.4,72.4,64.78,108.95,44.17,1.95,1.89,17.41,17.14,15.74,0.272,-1.045,0.518,0.0,-0.0553,False,0.0058,187.14,167.31
27.5,72.5,64.47,109.46,45.0,-3.14,5.29,17.34,17.28,16.0,2.293,0.701,1.478,0.002,-0.0508,False,0.0062,188.31,167.78
27.6,72.6,64.27,109.38,45.11,-1.98,-0.81,17.28,17.16,15.95,-0.806,0.131,-0.225,0.0,-0.0571,False,0.0064,189.49,168.24
27.7,72.7,64.51,109.14,44.63,2.47,-2.33,17.15,17.11,16.36,3.799,1.144,-0.666,-0.002,-0.0587,False,0.0064,190.66,168.71
27.8,72.8,64.87,108.31,43.44,3.54,-8.27,17.13,17.04,16.31,-0.732,0.53,-2.356,0.001,-0.0634,False,0.0066,191.82,169.14
27.9,72.9,64.35,107.2,42.85,-5.17,-11.15,17.06,16.95,16.44,1.047,-1.147,-3.2,-0.002,-0.0638,False,0.0064,192.96,169.58
28.0,73.0,64.55,107.39,42.84,2.02,1.98,17.01,16.79,16.63,1.632,0.117,0.574,0.0,-0.053,False,0.0065,194.07,169.98
28.1,73.1,64.39,107.11,42.72,-1.6,-2.84,16.95,16.77,16.74,0.794,-1.131,-0.828,-0.0,-0.0561,False,0.0065,195.18,170.38
28.2,73.2,64.4,107.75,43.35,0.08,6.56,16.91,16.61,17.08,3.268,1.05,1.956,0.004,-0.049,False,0.0069,196.3,170.8
28.3,73.3,65.16,108.33,43.16,7.63,5.75,16.88,16.78,16.96,-1.417,-1.664,1.702,-0.001,-0.048,False,0.0068,197.42,171.19
28.4,73.4,64.02,108.32,44.3,-11.4,-0.03,16.78,16.58,16.93,-0.509,-1.577,-0.008,-0.0,-0.0531,False,0.0069,198.58,171.62
28.5,73.5,64.23,108.94,44.71,2.06,6.11,16.8,16.91,16.79,-1.699,-2.287,1.791,-0.002,-0.0479,False,0.0067,199.74,172.05
28.6,73.6,64.27,108.72,44.45,0.43,-2.15,16.7,16.73,16.84,0.356,0.976,-0.633,-0.0,-0.0548,False,0.0067,200.9,172.49
28.7,73.7,64.32,108.71,44.39,0.45,-0.09,16.61,16.95,17.18,3.219,0.503,-0.027,-0.0,-0.0526,False,0.0067,202.04,172.91
28.8,73.8,64.49,109.28,44.79,1.67,5.7,16.58,17.17,17.36,1.634,-0.628,1.726,0.002,-0.0473,False,0.0069,203.2,173.33
28.9,73.9,64.74,109.4,44.66,2.55,1.24,16.52,17.33,17.8,4.193,-0.096,0.385,0.001,-0.05,False,0.007,204.36,173.73
29.0,74.0,64.74,109.95,45.21,-0.02,5.57,16.5,17.51,17.91,0.941,-0.215,1.743,0.001,-0.0462,False,0.0071,205.53,174.12
29.1,74.1,64.53,109.76,45.23,-2.09,-1.89,16.46,16.95,18.11,1.868,1.256,-0.598,-0.001,-0.052,False,0.007,206.71,174.53
29.2,74.2,64.62,109.74,45.12,0.92,-0.2,16.34,17.04,18.38,2.498,2.033,-0.064,-0.0,-0.0504,False,0.0069,207.87,174.89
29.3,74.3,64.79,109.81,45.02,1.67,0.61,16.32,16.64,18.29,-1.021,-0.688,0.194,-0.0,-0.0495,False,0.0068,209.05,175.28
29.4,74.4,64.79,109.74,44.95,-0.0,-0.72,16.29,16.92,18.67,3.71,1.551,-0.233,-0.0,-0.0497,False,0.0067,210.23,175.67
29.5,74.5,64.84,109.94,45.1,0.49,1.94,16.27,16.33,18.75,0.662,-0.724,0.636,0.0,-0.0472,False,0.0066,211.41,176.05
29.6,74.6,64.62,109.47,44.85,-2.15,-4.81,16.21,16.33,19.15,3.95,-0.077,-1.608,-0.003,-0.0513,False,0.0061,212.61,176.47
29.7,74.7,64.67,110.01,45.34,0.47,5.34,16.16,16.53,19.17,0.163,-1.27,1.787,0.0,-0.043,False,0.006,213.78,176.84
29.8,74.8,65.27,110.5,45.23,6.0,4.92,16.11,16.61,19.46,2.832,0.062,1.669,0.003,-0.0427,False,0.006,214.98,177.25
29.9,74.9,65.1,110.7,45.59,-1.67,1.94,16.11,16.66,19.45,-0.108,1.351,0.659,0.0,-0.0444,False,0.0058,216.19,177.65
30.0,75.0,64.89,111.03,46.14,-2.16,3.28,16.04,16.52,19.63,1.876,1.11,1.123,0.001,-0.0432,False,0.0057,217.41,178.06
30.1,75.1,64.94,110.91,45.97,0.5,-1.25,16.04,16.65,19.74,1.05,0.322,-0.43,-0.0,-0.0464,False,0.0054,218.63,178.45
30.2,75.2,65.1,110.63,45.53,1.68,-2.88,16.0,16.56,19.77,0.32,0.813,-0.992,-0.0,-0.0475,False,0.0052,219.85,178.87
30.3,75.3,64.99,110.84,45.85,-1.15,2.03,15.94,16.56,19.81,0.452,0.604,0.701,0.0,-0.0435,False,0.0049,221.07,179.28
30.4,75.4,65.16,111.22,46.06,1.67,3.68,15.92,16.23,19.96,1.533,-1.037,1.283,0.001,-0.0416,False,0.0047,222.29,180.4
30.5,75.5,65.16,111.1,45.94,-0.0,-1.25,15.9,16.47,19.84,-1.107,-0.169,-0.433,0.0,-0.0452,False,0.0044,223.53,181.79
30.6,75.6,65.21,111.22,46.01,0.53,1.15,15.86,16.12,20.04,2.073,1.306,0.401,0.0,-0.0432,False,0.0041,224.76,183.17
30.7,75.7,65.82,111.22,45.4,6.12,-0.1,15.77,16.51,19.98,-0.521,-1.762,-0.036,0.0,-0.0439,False,0.0038,225.98,184.54
30.8,75.8,65.38,110.76,45.38,-4.44,-4.82,15.9,16.27,20.17,1.964,0.244,-1.698,-0.002,-0.047,False,0.0034,227.22,185.94
30.9,75.9,65.21,110.45,45.23,-1.66,-3.19,15.8,16.67,20.04,-1.234,-0.805,-1.114,0.001,-0.0456,False,0.0031,228.44,187.34
31.0,76.0,65.37,110.61,45.24,1.62,1.58,15.86,16.28,19.83,-1.941,-1.361,0.545,-0.0,-0.0426,False,0.0027,229.66,188.74
31.1,76.1,64.99,110.47,45.48,-3.84,-1.54,15.85,17.16,19.94,1.179,0.472,-0.536,-0.0,-0.0444,False,0.0024,230.88,190.14
31.2,76.2,65.22,110.27,45.05,2.26,-2.15,15.86,16.79,20.28,3.481,-1.276,-0.76,-0.001,-0.0446,False,0.002,232.1,191.54
31.3,76.3,65.76,109.76,43.99,5.47,-5.25,15.92,17.13,20.38,1.148,-0.172,-1.869,-0.001,-0.0462,False,0.0016,233.3,192.95
31.4,76.4,65.6,109.88,44.28,-1.66,1.13,15.88,17.09,20.66,2.849,-0.006,0.409,0.001,-0.0421,False,0.0014,234.49,194.35
31.5,76.5,65.33,110.25,44.92,-2.7,3.59,15.97,17.09,20.6,-0.453,-0.134,1.292,-0.0,-0.0405,False,0.0011,235.72,195.78
31.6,76.6,65.6,109.74,44.14,2.73,-5.19,15.97,16.96,20.7,1.079,-0.592,-1.873,-0.001,-0.0455,False,0.0008,236.91,197.17
31.7,76.7,65.49,108.69,43.2,-1.11,-10.63,16.09,16.96,20.81,1.203,-1.214,-3.86,-0.003,-0.0475,False,0.0003,238.11,198.61
31.8,76.8,65.99,109.13,43.15,4.97,4.31,16.0,16.94,20.63,-1.622,-1.266,1.554,-0.001,-0.04,False,-0.0,239.28,200.03
31.9,76.9,65.65,109.77,44.12,-3.34,6.41,16.13,17.03,20.95,3.286,1.241,2.342,0.004,-0.0387,False,-0.0,240.49,201.48
32.0,77.0,65.43,109.19,43.75,-2.17,-5.91,16.23,16.99,20.85,-0.887,-3.139,-2.152,0.001,-0.0446,False,-0.0002,241.71,202.94
32.1,77.1,65.87,109.24,43.37,4.35,0.38,16.26,16.93,21.15,3.18,1.994,0.14,0.0,-0.042,False,-0.0004,242.9,204.39
32.2,77.2,65.6,109.14,43.54,-2.73,-1.03,16.32,17.11,21.06,-0.797,-2.005,-0.379,0.0,-0.0423,False,-0.0007,244.12,205.86
32.3,77.3,65.75,109.11,43.35,1.58,-0.44,16.44,16.78,21.19,1.471,0.054,-0.163,-0.0,-0.0419,False,-0.0009,245.35,207.35
32.4,77.4,65.6,109.57,43.97,-1.58,4.5,16.45,17.05,21.12,-0.554,-0.064,1.66,-0.0,-0.0393,False,-0.0012,246.57,208.81
32.5,77.5,65.54,109.85,44.31,-0.54,2.76,16.48,16.5,21.27,1.689,0.059,1.023,0.001,-0.0399,False,-0.0014,247.81,210.3
32.6,77.6,65.28,109.68,44.4,-2.66,-1.8,16.64,16.93,21.31,0.58,-0.157,-0.671,-0.0,-0.0419,False,-0.0017,249.1,211.83
32.7,77.7,65.23,109.41,44.18,-0.5,-2.83,16.71,16.72,21.37,0.73,-0.136,-1.056,-0.0,-0.0423,False,-0.002,250.36,213.33
32.8,77.8,65.07,109.43,44.36,-1.6,0.09,16.72,16.6,21.54,1.924,-0.523,0.032,0.0,-0.0407,False,-0.0023,251.62,214.85
32.9,77.9,64.81,110.08,45.27,-2.58,6.45,16.82,16.69,21.48,-0.429,0.665,2.417,-0.0,-0.0373,False,-0.0026,252.92,216.39
33.0,78.0,64.97,109.88,44.91,1.6,-2.17,16.87,16.68,21.54,0.844,-0.365,-0.817,-0.0,-0.0413,False,-0.003,254.23,217.94
33.1,78.1,65.17,110.0,44.83,2.03,1.11,16.94,16.66,21.57,0.433,0.596,0.418,0.0,-0.0397,False,-0.0033,255.54,219.5
33.2,78.2,64.76,109.91,45.15,-4.1,-0.97,17.03,16.35,21.45,-0.944,1.039,-0.362,0.0,-0.0406,False,-0.0036,256.85,221.05
33.3,78.3,64.92,110.11,45.19,1.59,1.88,17.08,16.51,21.65,2.279,0.727,0.71,0.001,-0.039,False,-0.0038,258.17,222.61
33.4,78.4,65.08,110.12,45.04,1.57,-0.01,17.17,16.4,21.47,-1.567,-0.219,-0.004,0.0,-0.0398,False,-0.0042,259.51,224.21
33.5,78.5,65.03,110.46,45.43,-0.49,3.31,17.21,16.41,21.59,1.39,1.194,1.248,0.001,-0.038,False,-0.0044,260.85,225.8
33.6,78.6,64.87,110.31,45.44,-1.57,-1.64,17.28,16.26,21.56,-0.014,-1.74,-0.619,-0.0,-0.0403,False,-0.0048,262.2,227.38
33.7,78.7,64.63,110.15,45.52,-2.41,-1.74,17.35,16.37,21.36,-1.773,-1.075,-0.649,0.0,-0.0404,False,-0.0051,263.56,228.99
33.8,78.8,65.13,110.6,45.46,5.03,4.34,17.46,16.46,21.09,-2.44,-1.152,1.597,-0.002,-0.0375,False,-0.0055,264.91,230.61
33.9,78.9,64.78,111.29,46.5,-3.5,6.85,17.48,16.37,21.33,2.656,3.101,2.551,0.003,-0.0358,False,-0.0057,266.29,232.23
34.0,79.0,64.94,111.51,46.57,1.53,2.05,17.5,16.63,21.4,0.966,-1.75,0.766,0.001,-0.0379,False,-0.006,267.68,233.84
34.1,79.1,64.74,111.46,46.73,-2.0,-0.56,17.58,16.83,21.53,1.511,1.288,-0.211,-0.0,-0.0397,False,-0.0064,269.1,235.47
34.2,79.2,64.94,111.32,46.38,2.0,-1.58,17.6,16.76,21.47,-0.277,0.519,-0.591,0.0,-0.0404,False,-0.0067,270.5,237.1
34.3,79.3,64.74,111.17,46.43,-2.0,-1.63,17.58,16.43,21.37,-0.756,0.75,-0.607,0.0,-0.0405,False,-0.0071,271.91,238.74
34.4,79.4,64.89,110.63,45.74,1.54,-5.5,17.67,16.69,21.18,-1.637,0.842,-2.034,0.001,-0.0425,False,-0.0073,273.3,240.38
34.5,79.5,65.04,110.48,45.44,1.52,-1.61,17.72,16.33,21.23,0.666,-0.813,-0.596,-0.0,-0.0408,False,-0.0076,274.68,242.04
34.6,79.6,65.09,110.21,45.12,0.47,-2.82,17.72,16.28,21.18,-0.206,-0.355,-1.044,0.0,-0.0411,False,-0.0079,276.04,243.68
34.7,79.7,65.04,110.36,45.32,-0.47,1.46,17.78,16.29,21.1,-0.505,1.927,0.538,-0.0,-0.0392,False,-0.0082,277.41,245.34
34.8,79.8,65.24,110.18,44.94,1.98,-1.93,17.76,16.31,21.01,-0.72,-0.289,-0.706,0.0,-0.0407,False,-0.0084,278.77,247.0
34.9,79.9,65.24,110.33,45.09,0.0,1.4,17.8,16.4,20.8,-1.837,1.386,0.509,-0.0,-0.0394,False,-0.0087,280.13,248.66
35.0,80.0,65.54,109.8,44.26,2.97,-5.44,17.89,16.19,20.53,-2.434,0.785,-1.948,0.002,-0.0426,False,-0.0088,281.48,250.33
35.1,80.1,65.54,108.75,43.21,0.03,-10.57,17.93,16.1,20.65,1.492,0.107,-3.809,-0.003,-0.0443,False,-0.0092,282.82,252.02
35.2,80.2,65.88,110.2,44.31,3.4,14.4,17.99,16.25,20.8,1.694,-0.335,5.229,0.005,-0.0339,False,-0.0092,284.14,253.71
35.3,80.3,66.08,111.57,45.5,1.94,13.54,18.04,16.37,20.54,-2.511,1.689,4.854,-0.005,-0.0324,False,-0.0098,285.52,255.38
35.4,80.4,66.03,112.07,46.04,-0.49,4.87,18.17,16.23,20.69,1.737,-0.427,1.759,0.001,-0.0397,False,-0.01,286.93,257.08
35.5,80.5,66.36,112.87,46.51,3.33,7.95,18.18,16.54,20.86,1.883,1.129,2.895,0.003,-0.0363,False,-0.0102,288.35,258.76
35.6,80.6,66.55,112.58,46.03,1.95,-2.97,18.2,16.91,20.81,-0.283,0.396,-1.078,0.0,-0.0422,False,-0.0105,289.8,260.47
35.7,80.7,66.5,112.36,45.86,-0.53,-2.3,18.27,17.06,20.51,-2.844,-1.134,-0.822,0.001,-0.0428,False,-0.0107,291.23,262.18
35.8,80.8,66.7,112.17,45.47,1.97,-2.03,18.34,16.91,20.7,2.153,1.002,-0.735,-0.001,-0.0428,False,-0.011,292.65,263.82
35.9,80.9,67.15,112.14,44.99,4.54,-0.45,18.39,17.03,20.63,-0.477,-0.506,-0.161,-0.0,-0.0421,False,-0.0112,294.07,265.1
36.0,81.0,66.44,111.92,45.47,-7.08,-2.33,18.44,17.21,20.85,2.362,1.318,-0.849,-0.001,-0.043,False,-0.0116,295.48,266.37
36.1,81.1,67.62,112.08,44.47,11.72,1.52,18.57,17.35,20.58,-2.577,-1.065,0.545,-0.001,-0.0413,False,-0.0118,296.89,267.65
36.2,81.2,67.29,112.09,44.8,-3.24,0.01,18.62,17.01,20.65,0.967,-0.685,0.004,-0.0,-0.0423,False,-0.0121,298.3,268.94
36.3,81.3,68.0,111.93,43.93,7.09,-1.75,18.54,17.22,20.5,-1.32,-0.117,-0.625,0.0,-0.0433,False,-0.0123,299.7,270.22
36.4,81.4,67.23,112.0,44.77,-7.69,0.68,18.68,17.04,20.59,0.998,0.901,0.243,0.0,-0.0423,False,-0.0125,301.11,271.51
36.5,81.5,67.04,111.86,44.82,-1.91,-1.53,18.74,17.2,20.59,0.168,0.524,-0.55,-0.0,-0.0433,False,-0.0127,302.53,272.81
36.6,81.6,67.68,111.91,44.23,6.41,0.43,18.8,17.08,20.43,-1.422,-0.051,0.153,-0.0,-0.0426,False,-0.0129,303.95,274.12
36.7,81.7,67.17,112.42,45.25,-5.09,4.96,18.86,17.02,20.26,-1.502,0.058,1.755,-0.001,-0.0404,False,-0.0132,305.38,275.44
36.8,81.8,68.19,113.04,44.85,10.16,6.03,18.95,16.96,19.94,-3.123,-1.319,2.099,-0.003,-0.0399,False,-0.0137,306.8,276.78
36.9,81.9,68.68,113.48,44.8,4.92,4.3,18.92,16.98,20.08,1.62,0.341,1.506,0.001,-0.0412,False,-0.0138,308.24,278.16
37.0,82.0,67.5,113.99,46.49,-11.82,5.0,18.95,16.96,19.88,-1.852,-1.565,1.734,-0.001,-0.0403,False,-0.0142,309.71,279.54
37.1,82.1,68.13,113.9,45.77,6.27,-1.08,19.02,16.86,19.77,-1.017,-0.301,-0.372,0.0,-0.0447,False,-0.0144,311.18,280.94
37.2,82.2,68.25,114.0,45.75,1.25,0.96,19.13,17.04,19.71,-0.493,0.38,0.331,-0.0,-0.0436,False,-0.0146,312.65,282.36
37.3,82.3,68.44,114.26,45.82,1.86,2.45,19.12,16.96,19.65,-0.412,0.061,0.839,-0.0,-0.0428,False,-0.0149,314.11,283.77
37.4,82.4,68.37,113.55,45.18,-0.65,-7.14,19.21,17.06,19.52,-1.187,-0.035,-2.432,0.001,-0.0489,False,-0.015,315.58,285.18
37.5,82.5,68.37,113.83,45.45,0.02,2.7,19.27,16.89,19.51,-0.041,1.407,0.919,0.0,-0.0438,False,-0.0152,317.03,286.6
37.6,82.6,68.56,114.19,45.63,1.87,3.51,19.27,16.92,19.28,-2.109,-4.581,1.182,-0.001,-0.0429,False,-0.0154,318.5,288.02
37.7,82.7,68.68,114.29,45.61,1.19,1.01,19.33,16.94,19.53,2.349,2.804,0.344,0.0,-0.0135,False,-0.0154,319.96,289.34
37.8,82.8,68.8,114.48,45.68,1.19,1.78,19.39,16.83,19.37,-1.435,-0.366,0.602,-0.0,-0.0488,False,-0.0157,321.44,290.79
37.9,82.9,68.76,114.22,45.46,-0.4,-2.74,19.29,16.63,19.72,3.548,0.3,-0.944,-0.002,-0.047,False,-0.016,322.96,292.31
38.0,83.0,68.99,114.44,45.45,2.26,2.09,19.41,17.02,19.83,1.299,0.639,0.722,0.0,-0.0435,False,-0.0162,324.38,293.66
38.1,83.1,69.17,114.53,45.36,1.86,0.8,19.39,16.74,20.02,1.995,1.162,0.28,0.0,-0.0442,False,-0.0163,325.86,295.11
38.2,83.2,69.17,114.04,44.86,0.02,-5.0,19.39,16.86,20.02,0.159,0.155,-1.746,-0.0,-0.0476,False,-0.0166,327.34,296.56
38.3,83.3,69.36,114.28,44.92,1.86,2.35,19.4,17.16,20.09,0.813,0.662,0.826,0.0,-0.0432,False,-0.0167,328.8,297.99
38.4,83.4,69.47,114.09,44.61,1.13,-2.05,19.4,16.79,20.12,0.422,-0.273,-0.718,-0.0,-0.0456,False,-0.0169,330.26,299.43
38.5,83.5,69.36,114.49,45.13,-1.12,3.92,19.43,16.62,20.06,-0.417,-0.784,1.372,-0.0,-0.042,False,-0.0172,331.73,300.87
38.6,83.6,69.59,114.77,45.17,2.31,2.66,19.53,16.41,20.1,0.517,-2.322,0.935,0.0,-0.0424,False,-0.0174,333.21,302.35
38.7,83.7,69.96,114.83,44.87,3.66,0.56,19.53,16.89,20.15,0.596,-1.334,0.195,0.0,-0.0435,False,-0.0176,334.68,303.82
38.8,83.8,69.77,115.15,45.38,-1.84,3.1,19.56,16.73,20.21,0.82,0.051,1.093,0.0,-0.0418,False,-0.0178,336.17,305.31
38.9,83.9,69.77,114.92,45.15,-0.0,-2.41,19.57,16.62,20.2,0.025,0.736,-0.85,-0.0,-0.0451,False,-0.018,337.64,306.78
39.0,84.0,69.89,115.19,45.3,1.12,2.56,19.64,16.59,20.29,1.134,2.027,0.905,0.001,-0.042,False,-0.0182,339.14,308.28
39.1,84.1,70.0,116.36,46.36,1.11,11.53,19.74,16.95,20.17,-1.144,0.086,4.058,-0.002,-0.0352,False,-0.0186,340.66,309.81
39.2,84.2,70.0,116.63,46.63,-0.0,2.56,19.74,16.63,20.08,-0.701,-0.818,0.896,-0.0,-0.0421,False,-0.0189,342.2,311.37
39.3,84.3,69.63,117.25,47.62,-3.67,6.11,19.76,16.7,19.96,-1.115,0.878,2.128,-0.001,-0.039,False,-0.0192,343.77,312.96
39.4,84.4,70.0,117.05,47.05,3.67,-2.15,19.81,16.32,19.99,0.519,2.248,-0.752,-0.0,-0.0454,False,-0.0195,345.33,314.55
39.5,84.5,70.29,116.75,46.47,2.91,-3.07,19.86,16.78,19.74,-2.395,-1.073,-1.056,0.001,-0.0462,False,-0.0197,346.88,316.16
39.6,84.6,70.04,116.67,46.63,-2.52,-0.99,19.95,16.56,19.79,0.702,-0.038,-0.34,-0.0,-0.0449,False,-0.02,348.43,317.76
39.7,84.7,70.29,117.57,47.29,2.52,8.82,19.87,16.53,19.45,-3.287,-0.244,2.996,-0.005,-0.0372,False,-0.0205,349.99,319.35
39.8,84.8,70.03,117.15,47.12,-2.59,-4.39,19.95,16.05,19.59,1.5,1.224,-1.5,-0.001,-0.0486,False,-0.0209,351.59,321.05
39.9,84.9,69.92,117.31,47.39,-1.05,1.51,19.95,16.77,19.59,0.178,2.789,0.517,0.0,-0.0431,False,-0.0212,353.1,322.59
40.0,85.0,70.21,117.07,46.86,2.92,-2.56,19.91,16.62,19.62,0.485,1.605,-0.875,-0.0,-0.0462,False,-0.0214,354.66,324.21
40.1,85.1,69.85,117.95,48.09,-3.62,8.62,19.99,16.93,19.6,-0.064,-2.034,2.948,0.0,-0.0377,False,-0.0217,356.25,325.86
40.2,85.2,70.03,118.0,47.97,1.8,0.45,19.99,16.83,19.6,0.082,0.384,0.153,-0.0,-0.044,False,-0.0219,357.82,327.49
40.3,85.3,71.4,118.49,47.09,13.69,4.7,20.02,17.38,19.5,-0.88,0.947,1.601,-0.001,-0.041,False,-0.0222,359.39,329.14
40.4,85.4,69.56,118.6,49.04,-18.43,0.96,19.92,17.3,19.4,-0.779,-0.677,0.326,-0.0,-0.0444,False,-0.0225,360.99,330.78
40.5,85.5,69.74,118.64,48.9,1.82,0.36,19.89,17.44,19.34,-0.559,-0.422,0.122,-0.0,-0.0453,False,-0.0227,362.61,332.46
40.6,85.6,69.74,118.1,48.36,-0.02,-5.52,19.92,17.19,19.32,-0.093,0.596,-1.862,0.0,-0.0504,False,-0.0229,364.21,334.11
40.7,85.7,69.56,118.16,48.6,-1.8,0.49,19.97,17.2,19.3,-0.091,1.109,0.166,0.0,-0.046,False,-0.0231,365.79,335.73
40.8,85.8,69.85,117.78,47.93,2.92,-3.89,19.96,17.21,19.23,-0.603,0.802,-1.305,0.0,-0.0494,False,-0.0233,367.38,337.37
40.9,85.9,69.85,118.14,48.29,-0.01,3.45,20.03,17.15,19.19,-0.31,-0.358,1.155,-0.0,-0.0442,False,-0.0235,368.97,339.03
41.0,86.0,69.74,118.07,48.33,-1.09,-0.76,20.03,17.03,18.93,-2.497,-0.472,-0.25,0.0,-0.0475,False,-0.0236,370.54,340.65
41.1,86.1,69.67,118.01,48.34,-0.71,-0.69,20.05,16.92,18.96,0.39,-0.119,-0.229,-0.0,-0.0478,False,-0.0238,372.13,342.31
41.2,86.2,69.67,118.23,48.56,-0.0,2.07,20.04,16.96,18.89,-0.515,0.862,0.684,-0.0,-0.0457,False,-0.024,373.71,343.96
41.3,86.3,69.31,117.48,48.17,-3.62,-7.52,20.07,16.96,18.68,-2.071,0.804,-2.453,0.003,-0.0531,False,-0.0239,375.3,345.6
41.4,86.4,69.31,116.73,47.42,-0.01,-7.58,20.09,17.02,18.77,1.0,0.17,-2.484,-0.001,-0.0537,False,-0.0242,376.87,347.26
41.5,86.5,69.24,118.12,48.88,-0.65,13.81,20.15,17.07,18.77,-0.01,-1.396,4.526,0.0,-0.0378,False,-0.0243,378.46,348.91
41.6,86.6,69.42,118.25,48.83,1.78,1.2,20.21,17.12,18.7,-0.597,0.95,0.391,-0.0,-0.0469,False,-0.0244,380.06,350.58
41.7,86.7,69.42,118.44,49.02,0.0,1.84,20.17,17.18,18.82,1.239,0.289,0.604,0.0,-0.0469,False,-0.0246,381.65,352.24
41.8,86.8,69.42,118.0,48.58,0.05,-4.42,20.28,17.25,18.66,-1.548,-0.521,-1.439,0.001,-0.0518,False,-0.0246,383.26,353.92
41.9,86.9,69.89,117.91,48.02,4.64,-1.0,20.25,17.32,18.55,-1.107,0.347,-0.323,0.0,-0.05,False,-0.0247,384.83,355.57
42.0,87.0,69.06,118.07,49.01,-8.27,1.55,20.24,17.32,18.42,-1.172,-0.306,0.499,-0.0,-0.0483,False,-0.0248,386.43,357.24
42.1,87.1,69.42,118.25,48.83,3.59,1.74,20.22,17.38,18.6,1.825,0.989,0.564,0.001,-0.0481,False,-0.0249,388.04,358.92
42.2,87.2,69.53,118.48,48.95,1.1,2.26,20.3,17.37,18.72,1.217,0.116,0.739,0.001,-0.0477,False,-0.025,389.64,360.64
42.3,87.3,69.64,118.79,49.15,1.06,3.01,20.32,17.38,18.9,1.851,-0.234,0.992,0.001,-0.047,False,-0.025,391.26,362.33
42.4,87.4,69.42,118.62,49.2,-2.17,-1.72,20.25,17.36,18.89,-0.005,-1.002,-0.569,0.0,-0.0504,False,-0.0251,392.87,363.99
42.5,87.5,69.24,119.34,50.11,-1.79,7.13,20.25,17.33,18.8,-0.915,-1.707,2.341,-0.001,-0.0438,False,-0.0253,394.51,365.69
42.6,87.6,69.46,119.15,49.69,2.21,-2.01,20.32,17.36,18.89,0.978,1.233,-0.661,-0.0,-0.0509,False,-0.0255,396.16,367.41
42.7,87.7,69.18,119.39,50.21,-2.85,2.28,20.33,17.4,18.82,-0.651,-0.386,0.749,-0.0,-0.0477,False,-0.0256,397.83,369.15
42.8,87.8,69.52,119.68,50.16,3.48,2.83,20.38,17.44,18.67,-1.457,1.213,0.922,-0.001,-0.0472,False,-0.0257,399.48,370.87
42.9,87.9,69.0,119.86,50.86,-5.24,1.72,20.39,17.47,18.82,1.47,-0.783,0.564,0.0,-0.0481,False,-0.0258,401.15,372.61
43.0,88.0,69.46,119.85,50.39,4.61,-0.21,20.42,17.47,18.81,-0.03,-0.279,-0.068,0.0,-0.0498,False,-0.0259,402.81,374.33
43.1,88.1,69.47,119.8,50.33,0.09,-0.52,20.42,17.48,18.81,0.0,1.448,-0.169,-0.0,-0.0501,False,-0.026,404.5,376.11
43.2,88.2,69.92,119.65,49.73,4.54,-1.56,20.47,17.45,18.69,-1.069,-0.13,-0.51,0.0,-0.0511,False,-0.0261,406.13,377.81
43.3,88.3,69.93,120.53,50.61,0.01,8.78,20.51,17.45,18.76,0.697,-1.103,2.874,0.001,-0.0424,False,-0.0262,407.8,379.59
43.4,88.4,70.03,120.97,50.93,1.07,4.24,20.57,17.45,18.73,-0.268,-1.022,1.386,-0.0,-0.0454,False,-0.0263,409.48,381.37
43.5,88.5,70.21,121.2,50.99,1.76,2.3,20.58,17.36,18.72,-0.122,-0.315,0.751,-0.0,-0.0477,False,-0.0264,411.17,383.16
43.6,88.6,70.31,121.23,50.92,1.05,0.22,20.68,17.39,18.68,-0.282,0.203,0.073,-0.0,-0.0498,False,-0.0265,412.87,384.96
43.7,88.7,70.48,121.28,50.8,1.68,0.38,20.67,17.39,18.71,0.311,-0.51,0.123,0.0,-0.0497,False,-0.0266,414.58,386.81
43.8,88.8,70.24,121.06,50.82,-2.41,-2.23,20.74,17.4,18.69,-0.204,1.041,-0.729,0.0,-0.0521,False,-0.0267,416.25,388.57
43.9,88.9,70.59,121.22,50.63,3.51,1.51,20.79,17.38,18.63,-0.548,2.642,0.492,-0.0,-0.0489,False,-0.0269,417.94,390.4
44.0,89.0,70.59,121.91,51.32,-0.0,6.86,20.81,17.43,18.74,1.14,2.42,2.243,0.001,-0.0435,False,-0.0269,419.63,392.2
44.1,89.1,69.89,121.59,51.7,-7.01,-3.33,20.78,17.46,18.76,0.242,2.112,-1.09,-0.0,-0.0525,False,-0.027,421.36,394.04
44.2,89.2,70.38,121.02,50.63,4.93,-5.81,20.66,17.44,18.82,0.664,2.299,-1.909,-0.001,-0.0551,False,-0.0272,423.07,395.87
44.3,89.3,70.17,120.96,50.8,-2.14,-0.6,20.84,17.4,19.04,2.234,2.234,-0.198,-0.0,-0.0503,False,-0.0273,424.77,397.67
44.4,89.4,70.59,120.84,50.25,4.23,-1.29,20.77,17.41,19.06,0.261,0.236,-0.429,-0.0,-0.0507,False,-0.0274,426.47,399.5
44.5,89.5,70.59,120.71,50.12,-0.05,-1.43,20.76,17.37,19.28,2.222,1.615,-0.482,-0.001,-0.0504,False,-0.0276,428.16,401.3
44.6,89.6,70.14,121.27,51.14,-4.51,5.58,20.75,17.21,19.31,0.38,3.005,1.881,0.0,-0.0445,False,-0.0276,429.86,403.09
44.7,89.7,70.24,121.41,51.17,1.04,1.28,20.73,16.95,19.33,0.252,1.246,0.431,0.0,-0.0474,False,-0.0278,431.58,404.92
44.8,89.8,70.21,121.44,51.24,-0.32,0.26,20.63,17.0,19.53,2.012,1.232,0.088,0.0,-0.048,False,-0.0279,433.3,406.74
44.9,89.9,70.42,121.59,51.17,2.08,1.32,20.73,16.94,19.59,0.743,1.554,0.453,0.0,-0.0467,False,-0.0281,435.03,408.58
45.0,90.0,70.38,121.71,51.33,-0.3,1.16,20.64,16.84,19.74,1.577,1.569,0.399,0.0,-0.0463,False,-0.0282,436.75,410.4
45.1,90.1,70.38,121.82,51.43,-0.0,0.98,20.51,16.81,19.78,0.53,2.639,0.338,0.0,-0.046,False,-0.0284,438.48,412.24
45.2,90.2,70.28,122.23,51.95,-1.05,3.99,20.52,16.79,19.91,1.34,1.18,1.385,0.001,-0.0431,False,-0.0285,440.21,414.07
45.3,90.3,70.28,122.65,52.37,-0.0,4.17,20.45,16.81,19.96,0.632,0.08,1.451,0.001,-0.0422,False,-0.0287,441.97,415.93
45.4,90.4,70.28,122.21,51.93,0.0,-4.64,20.45,16.67,20.14,1.948,1.023,-1.631,-0.002,-0.049,False,-0.029,443.73,417.79
45.5,90.5,70.1,121.81,51.71,-1.78,-4.07,20.42,16.54,20.18,0.53,-0.212,-1.434,-0.0,-0.0481,False,-0.0292,445.49,419.66
45.6,90.6,70.17,122.72,52.55,0.72,8.95,20.35,16.68,20.08,-0.797,1.521,3.137,-0.001,-0.0375,False,-0.0295,447.23,421.49
45.7,90.7,70.35,122.79,52.44,1.79,0.55,20.33,16.7,20.38,3.165,1.784,0.196,0.0,-0.0439,False,-0.0297,448.99,423.35
45.8,90.8,70.17,123.01,52.84,-1.79,2.04,20.3,16.72,20.28,-0.822,-0.365,0.722,-0.0,-0.0424,False,-0.03,450.76,425.23
45.9,90.9,70.07,123.28,53.22,-1.07,2.59,20.24,16.81,20.32,0.543,1.103,0.919,0.0,-0.0416,False,-0.0302,452.54,427.1
46.0,91.0,69.89,122.9,53.01,-1.8,-4.01,20.23,16.95,20.31,0.108,0.641,-1.422,-0.0,-0.0468,False,-0.0305,454.32,428.98
46.1,91.1,70.14,122.81,52.67,2.53,-1.05,20.16,16.84,20.42,1.217,0.573,-0.376,-0.0,-0.0445,False,-0.0308,456.08,430.84
46.2,91.2,69.96,122.39,52.44,-1.81,-4.27,20.14,17.02,20.42,0.17,0.731,-1.521,-0.0,-0.0465,False,-0.031,457.84,432.69
46.3,91.3,69.96,122.31,52.35,-0.0,-1.01,20.09,16.94,20.63,2.343,0.621,-0.363,-0.0,-0.044,False,-0.0313,459.6,434.53
46.4,91.4,69.85,122.09,52.24,-1.09,-2.35,20.02,16.94,20.88,2.725,1.822,-0.858,-0.001,-0.0444,False,-0.0316,461.36,436.38
46.5,91.5,69.85,121.69,51.84,-0.01,-4.17,20.01,16.87,20.82,-0.485,0.327,-1.513,0.0,-0.0453,False,-0.0318,463.11,438.2
46.6,91.6,69.74,122.33,52.59,-1.09,6.33,20.0,16.78,21.01,2.158,0.474,2.322,0.002,-0.0381,False,-0.0319,464.85,440.02
46.7,91.7,69.74,122.29,52.55,0.02,-0.57,19.96,16.72,21.04,0.537,0.724,-0.208,0.0,-0.0417,False,-0.0322,466.6,441.85
46.8,91.8,69.92,121.79,51.87,1.81,-5.16,19.92,16.61,21.15,1.269,-0.282,-1.903,-0.001,-0.0448,False,-0.0325,468.34,443.65
46.9,91.9,70.0,122.17,52.17,0.73,3.64,19.86,16.66,21.15,0.241,0.533,1.343,0.0,-0.0389,False,-0.0327,470.08,445.47
47.0,92.0,69.92,122.21,52.28,-0.73,0.25,19.82,16.62,21.4,2.78,0.295,0.092,0.0,-0.0406,False,-0.033,471.82,447.28
47.1,92.1,69.81,122.17,52.36,-1.11,-0.52,19.88,16.71,21.7,3.259,0.662,-0.195,-0.0,-0.0406,False,-0.0333,473.58,449.1
47.2,92.2,70.11,122.18,52.07,2.94,-0.1,19.82,16.77,21.78,1.043,0.97,-0.037,-0.0,-0.04,False,-0.0335,475.33,450.92
47.3,92.3,70.11,122.4,52.29,-0.01,2.05,19.85,16.72,21.96,2.169,1.102,0.786,0.001,-0.0382,False,-0.0338,477.1,452.77
47.4,92.4,70.0,123.08,53.08,-1.04,6.62,19.83,16.66,21.98,0.425,1.084,2.539,0.001,-0.0348,False,-0.0341,478.88,454.62
47.5,92.5,70.47,122.38,51.9,4.72,-7.17,19.81,16.53,21.92,-0.269,0.001,-2.743,0.0,-0.0428,False,-0.0344,480.63,456.44
47.6,92.6,70.37,121.08,50.71,-1.03,-13.5,19.8,16.4,22.42,5.353,-2.694,-5.285,-0.013,-0.045,False,-0.0353,482.36,458.31
47.7,92.7,70.85,121.84,50.99,4.75,7.41,19.8,16.44,22.33,-0.625,-0.504,2.887,-0.001,-0.0303,False,-0.0357,484.08,460.1
47.8,92.8,71.13,122.18,51.05,2.87,3.32,19.83,16.59,22.53,2.294,1.885,1.307,0.001,-0.036,False,-0.0359,485.81,461.92
47.9,92.9,71.13,122.3,51.17,0.01,1.0,19.85,16.79,22.48,-0.13,-0.075,0.391,0.0,-0.0368,False,-0.0362,487.55,463.75
48.0,93.0,71.21,122.1,50.89,0.81,-2.15,19.75,16.52,22.72,2.749,1.039,-0.854,-0.001,-0.0382,False,-0.0365,489.26,465.55
48.1,93.1,71.11,122.22,51.11,-1.05,0.95,19.71,16.69,22.82,1.361,1.523,0.377,0.0,-0.0363,False,-0.0368,490.99,467.35
48.2,93.2,71.21,122.25,51.04,1.05,0.18,19.7,16.7,22.88,0.978,0.827,0.073,0.0,-0.0363,False,-0.0371,492.73,727.11
48.3,93.3,71.31,122.41,51.1,0.99,1.44,19.81,17.24,23.1,2.516,1.378,0.58,0.001,-0.0354,False,-0.0374,494.48,728.84
48.4,93.4,70.85,122.83,51.98,-4.65,3.99,19.75,16.66,23.28,2.169,-0.112,1.622,0.002,-0.0339,False,-0.0377,496.25,730.55
48.5,93.5,71.3,122.83,51.53,4.48,-0.23,19.66,16.72,23.55,3.141,1.618,-0.094,-0.0,-0.0353,False,-0.038,498.01,732.25
48.6,93.6,71.22,123.09,51.87,-0.79,2.43,19.7,16.76,23.64,1.275,0.361,1.002,0.001,-0.0338,False,-0.0383,499.79,733.96
48.7,93.7,71.48,123.17,51.69,2.66,0.59,19.63,17.14,23.51,-0.829,-0.495,0.242,-0.0,-0.0343,False,-0.0387,501.55,735.65
48.8,93.8,71.4,123.29,51.89,-0.8,0.99,19.7,16.86,23.56,0.913,0.732,0.408,0.0,-0.034,False,-0.039,503.33,737.36
48.9,93.9,71.67,123.4,51.73,2.68,0.89,19.58,16.8,23.9,3.851,1.637,0.373,0.001,-0.0337,False,-0.0394,505.09,739.05
49.0,94.0,71.57,122.77,51.2,-1.02,-6.53,19.5,16.85,24.23,3.709,1.507,-2.762,-0.004,-0.0365,False,-0.0399,506.85,740.74
49.1,94.1,71.57,122.87,51.3,0.05,0.77,19.54,17.12,24.15,-0.322,-0.494,0.326,-0.0,-0.0326,False,-0.0403,508.61,742.42
49.2,94.2,72.05,122.8,50.75,4.77,-0.89,19.48,16.96,23.93,-1.77,-1.698,-0.371,0.0,-0.0336,False,-0.0406,510.35,744.11
49.3,94.3,72.22,123.14,50.92,1.66,3.12,19.17,16.9,23.55,-3.399,-1.026,1.281,-0.002,-0.0318,False,-0.041,512.04,745.73
49.4,94.4,73.29,123.65,50.36,10.73,5.0,19.02,16.52,23.33,-2.134,-0.804,2.034,-0.002,-0.027,False,-0.0411,513.77,747.34
49.5,94.5,73.57,123.58,50.01,2.82,-0.77,19.24,16.93,23.88,5.542,2.803,-0.322,-0.001,-0.0174,False,-0.0412,515.56,748.99
49.6,94.6,73.87,123.66,49.79,3.0,0.76,19.3,17.03,23.49,-3.91,1.792,0.312,-0.001,-0.0228,False,-0.0412,517.35,750.63
49.7,94.7,74.54,123.98,49.44,6.7,3.12,19.26,17.07,23.71,2.285,2.537,1.29,0.001,-0.0437,False,-0.0413,519.09,752.26
49.8,94.8,75.13,123.64,48.52,5.86,-3.4,19.21,17.17,23.62,-0.763,-1.801,-1.401,0.0,-0.0418,False,-0.0413,520.81,753.87
49.9,94.9,75.99,123.2,47.21,8.62,-4.49,19.23,17.11,23.59,-0.301,0.4,-1.847,0.0,-0.0421,False,-0.0414,522.51,755.49
50.0,95.0,76.41,122.97,46.56,4.23,-2.4,19.06,17.22,23.46,-1.161,1.365,-0.983,0.001,-0.0415,False,-0.0414,524.13,757.03
50.1,95.1,76.88,123.25,46.36,4.73,2.75,19.09,17.17,23.76,3.066,1.065,1.14,0.002,-0.0395,False,-0.0414,525.77,758.6
50.2,95.2,77.35,123.32,45.96,4.7,0.65,19.2,17.34,23.76,0.083,0.779,0.271,0.0,-0.0398,False,-0.0414,527.41,760.17
50.3,95.3,78.35,123.48,45.14,9.91,1.58,19.05,17.22,23.69,-0.585,-1.261,0.654,-0.0,-0.0395,False,-0.0415,529.02,761.72
50.4,95.4,78.94,123.91,44.96,5.98,4.17,19.1,17.22,23.74,0.576,-0.459,1.728,0.0,-0.0385,False,-0.0416,530.62,763.26
50.5,95.5,79.4,123.47,44.06,4.62,-4.6,19.15,17.21,23.66,-0.271,-0.315,-1.9,0.0,-0.0467,False,-0.0419,532.11,764.79
50.6,95.6,80.41,122.23,41.82,10.02,-12.59,19.01,17.16,23.64,0.183,2.057,-5.193,-0.0,-0.0369,False,-0.0422,533.56,766.33
50.7,95.7,80.55,123.51,42.95,1.48,12.59,19.04,17.17,23.52,-0.777,-0.516,5.167,-0.002,-0.0265,False,-0.0426,534.98,767.82
50.8,95.8,81.11,124.01,42.89,5.59,4.77,19.12,17.05,23.41,-0.664,0.429,1.947,-0.001,-0.0304,False,-0.0429,536.43,769.33
50.9,95.9,81.61,122.67,41.06,4.96,-13.6,19.06,16.89,23.4,0.33,-0.724,-5.552,-0.001,-0.0375,False,-0.0433,537.83,770.82
51.0,96.0,81.61,122.21,40.6,0.03,-4.72,19.02,16.72,23.42,0.73,0.144,-1.928,-0.001,-0.0342,False,-0.0435,539.2,772.3
51.1,96.1,81.91,123.3,41.4,2.93,10.65,19.15,16.65,23.27,-1.161,-0.72,4.325,-0.002,-0.0285,False,-0.0439,540.58,773.79
51.2,96.2,82.67,123.8,41.13,7.62,4.79,19.07,16.52,23.23,0.121,0.358,1.942,-0.0,-0.0313,False,-0.0442,541.96,775.28
51.3,96.3,83.07,124.58,41.51,3.99,7.59,19.12,16.5,23.18,-0.067,-0.658,3.069,-0.0,-0.0294,False,-0.0445,543.33,776.73
51.4,96.4,83.31,124.96,41.65,2.41,3.62,19.15,16.54,23.16,0.24,1.179,1.464,0.0,-0.0311,False,-0.0448,544.73,778.2
51.5,96.5,83.95,124.91,40.96,6.39,-0.72,19.17,16.63,22.95,-1.633,-0.757,-0.289,0.0,-0.0331,False,-0.0451,546.11,779.67
51.6,96.6,84.32,124.33,40.01,3.68,-5.97,19.17,16.81,22.88,-0.276,2.796,-2.384,0.0,-0.0354,False,-0.0454,547.46,781.12
51.7,96.7,85.15,124.32,39.18,8.34,-0.23,19.16,16.87,22.65,-1.821,0.436,-0.091,0.0,-0.0334,False,-0.0457,548.78,782.57
51.8,96.8,84.95,123.51,38.56,-1.99,-8.17,19.21,17.05,22.26,-3.492,2.411,-3.174,0.005,-0.0366,False,-0.0457,550.08,784.01
51.9,96.9,86.18,123.72,37.54,12.27,1.89,19.27,17.07,22.29,0.777,0.275,0.734,0.0,-0.0346,False,-0.0459,551.32,785.45
52.0,97.0,85.92,123.61,37.7,-2.62,-1.19,19.06,17.07,22.15,-0.979,1.018,-0.461,0.0,-0.0348,False,-0.0462,552.56,786.86
52.1,97.1,86.57,123.66,37.09,6.56,0.28,19.12,17.04,22.17,0.606,-0.61,0.106,0.0,-0.0346,False,-0.0464,553.79,788.28
52.2,97.2,87.6,123.64,36.04,10.27,-0.34,19.3,17.08,22.01,-1.237,0.001,-0.13,0.0,-0.0351,False,-0.0466,554.98,789.67
52.3,97.3,87.38,123.61,36.23,-2.16,-0.39,19.2,16.99,21.81,-1.539,0.717,-0.148,0.0,-0.0355,False,-0.0468,556.17,791.09
52.4,97.4,88.79,123.94,35.15,14.05,3.05,19.22,17.04,21.62,-1.562,-0.034,1.15,-0.001,-0.0345,False,-0.047,557.32,792.46
52.5,97.5,88.39,123.35,34.97,-4.03,-5.96,19.13,17.05,21.44,-1.367,1.112,-2.23,0.001,-0.0384,False,-0.0472,558.46,793.83
52.6,97.6,89.81,123.62,33.81,14.2,2.52,19.27,17.12,21.28,-1.298,-0.207,0.936,-0.001,-0.0361,False,-0.0474,559.56,795.2
52.7,97.7,90.41,124.13,33.73,5.99,4.97,19.22,17.06,20.92,-3.197,-2.012,1.814,-0.003,-0.0352,False,-0.0477,560.64,796.54
52.8,97.8,90.42,125.06,34.64,0.12,9.13,19.18,17.07,20.97,0.836,-0.876,3.343,0.001,-0.034,False,-0.0478,561.74,797.88
52.9,97.9,91.82,124.67,32.85,14.05,-3.99,19.19,17.03,20.76,-1.826,0.353,-1.447,0.001,-0.0397,False,-0.0479,562.81,799.18
53.0,98.0,91.83,124.42,32.59,0.04,-2.64,19.22,16.97,20.44,-2.846,-1.742,-0.94,0.001,-0.0404,False,-0.0481,563.86,800.5
53.1,98.1,92.22,125.81,33.59,3.94,13.76,19.19,17.02,20.48,0.69,-1.517,4.92,0.002,-0.033,False,-0.0482,564.9,801.81
53.2,98.2,92.82,124.81,32.0,5.97,-9.9,19.27,16.91,20.09,-3.721,-0.786,-3.471,0.006,-0.0437,False,-0.048,565.95,803.1
53.3,98.3,93.44,125.8,32.36,6.22,9.66,19.23,16.62,19.89,-1.73,-0.366,3.354,-0.003,-0.0391,False,-0.0483,566.97,804.38
53.4,98.4,94.22,126.03,31.81,7.82,2.15,19.31,16.77,19.68,-1.846,-1.643,0.74,-0.001,-0.0416,False,-0.0485,567.96,805.65
53.5,98.5,94.63,126.08,31.45,4.1,0.42,19.27,16.71,19.38,-2.722,-2.198,0.143,-0.0,-0.0424,False,-0.0487,568.95,806.93
53.6,98.6,95.62,126.09,30.47,9.93,-0.04,19.32,16.69,19.13,-2.272,0.461,-0.013,-0.0,-0.0432,False,-0.0488,569.89,808.17
53.7,98.7,96.02,125.95,29.93,3.97,-1.49,19.37,16.5,19.02,-0.778,-1.566,-0.495,0.0,-0.0447,False,-0.0489,570.81,809.41
53.8,98.8,96.3,125.5,29.2,2.84,-4.57,19.24,17.05,18.82,-1.761,-0.086,-1.502,0.001,-0.0468,False,-0.049,571.71,810.62
53.9,98.9,97.77,125.19,27.42,14.65,-3.24,19.52,16.79,18.74,-0.677,-2.307,-1.059,0.0,-0.0474,False,-0.0491,572.54,811.83
54.0,99.0,98.79,125.13,26.34,10.18,-0.72,19.47,16.25,18.47,-2.439,-1.394,-0.231,0.0,-0.0467,False,-0.0492,573.34,813.01
54.1,99.1,98.59,124.83,26.24,-1.95,-3.0,19.42,16.37,18.28,-1.655,-0.007,-0.958,0.001,-0.0481,False,-0.0492,574.12,814.19
54.2,99.2,98.59,124.73,26.13,-0.0,-1.15,19.44,16.75,17.84,-4.22,-1.936,-0.359,0.001,-0.0482,False,-0.0492,574.89,815.37
54.3,99.3,99.57,124.65,25.07,9.82,-0.88,19.52,16.4,17.76,-0.596,-0.661,-0.274,0.0,-0.0489,False,-0.0493,575.62,816.54
54.4,99.4,99.39,124.39,25.0,-1.86,-2.62,19.5,15.93,17.52,-2.226,-1.894,-0.803,0.001,-0.0504,False,-0.0493,576.35,817.73
54.5,99.5,100.41,124.49,24.08,10.26,0.92,19.54,15.94,17.25,-2.599,-2.256,0.278,-0.0,-0.0497,False,-0.0494,577.04,818.87
54.6,99.6,100.61,124.41,23.8,1.96,-0.83,19.48,16.57,17.27,0.352,-0.805,-0.25,-0.0,-0.0507,False,-0.0494,577.72,820.56
54.7,99.7,101.2,124.36,23.17,5.86,-0.59,19.54,16.16,16.99,-2.589,-0.877,-0.175,0.0,-0.0517,False,-0.0495,578.37,822.32
54.8,99.8,101.33,124.02,22.69,1.31,-3.48,19.57,15.96,16.78,-1.972,-0.356,-1.019,0.001,-0.0537,False,-0.0494,579.01,824.07
54.9,99.9,101.27,124.25,22.98,-0.56,2.25,19.48,15.97,16.68,-0.89,-1.599,0.656,-0.0,-0.0523,False,-0.0495,579.65,825.82
55.0,100.0,102.29,124.25,21.96,10.21,-0.1,19.65,16.25,16.47,-2.023,-0.394,-0.028,-0.0,-0.0537,False,-0.0495,580.25,827.53
55.1,100.1,102.37,124.35,21.98,0.74,0.94,19.6,16.14,16.34,-1.19,-1.073,0.268,-0.0,-0.0542,False,-0.0496,580.85,829.26
55.2,100.2,102.87,124.15,21.28,5.01,-2.02,19.66,16.18,16.03,-2.948,0.023,-0.566,0.001,-0.0565,False,-0.0495,581.43,830.96
55.3,100.3,103.32,124.03,20.71,4.56,-1.19,19.71,16.15,15.83,-1.964,-0.609,-0.329,0.0,-0.0575,False,-0.0495,581.98,832.64
55.4,100.4,103.9,123.89,19.99,5.74,-1.5,19.71,16.27,15.65,-1.671,-0.221,-0.41,0.0,-0.0585,False,-0.0495,582.5,834.31
55.5,100.5,104.36,123.69,19.34,4.61,-1.97,19.66,16.15,15.49,-1.62,-2.161,-0.533,0.001,-0.0599,False,-0.0495,583.01,835.96
55.6,100.6,104.66,123.19,18.53,3.0,-5.08,19.71,16.3,15.18,-2.989,-0.363,-1.345,0.003,-0.0148,False,-0.0494,583.49,837.6
55.7,100.7,104.74,123.99,19.25,0.83,7.94,19.69,16.18,15.07,-1.147,-1.691,2.087,0.0,-0.0622,False,-0.0494,583.96,839.24
55.8,100.8,104.85,123.35,18.51,1.08,-6.25,19.72,16.33,14.77,-2.972,-3.442,-1.61,0.003,-0.065,False,-0.0492,584.42,840.86
55.9,100.9,105.04,124.7,19.65,1.94,13.28,19.81,16.34,14.66,-1.198,1.717,3.399,-0.003,-0.0595,False,-0.0493,584.93,842.46
56.0,101.0,105.4,125.34,19.95,3.52,6.27,19.72,16.35,14.3,-3.684,-2.246,1.564,-0.004,-0.0646,False,-0.0496,585.48,843.89
56.1,101.1,105.5,125.4,19.91,1.02,0.57,19.68,16.3,14.07,-2.315,0.896,0.141,-0.001,-0.0702,False,-0.0496,585.97,845.54
56.2,101.2,105.31,125.66,20.35,-1.87,2.55,19.7,16.5,13.95,-1.284,-0.199,0.621,-0.001,-0.0673,False,-0.0496,586.47,847.17
56.3,101.3,105.31,125.89,20.58,-0.0,2.21,19.68,16.19,13.85,-1.037,-0.883,0.533,-0.0,-0.0688,False,-0.0496,586.97,848.81
56.4,101.4,105.4,125.62,20.22,0.86,-2.71,19.66,16.51,13.71,-1.465,-1.272,-0.649,0.001,-0.0738,False,-0.0494,587.45,850.44
56.5,101.5,105.29,125.04,19.75,-1.03,-5.72,19.56,16.36,13.57,-1.529,-0.347,-1.356,0.002,-0.0773,False,-0.0493,587.92,852.06
56.6,101.6,105.48,125.76,20.28,1.88,7.11,19.52,16.41,13.29,-2.906,-1.295,1.65,-0.004,-0.0708,False,-0.0494,588.46,853.73
56.7,101.7,105.29,125.68,20.39,-1.92,-0.86,19.47,16.42,13.02,-2.802,-0.419,-0.195,0.0,-0.0796,False,-0.0494,588.94,855.35
56.8,101.8,105.1,125.39,20.3,-1.91,-2.8,19.41,16.48,12.79,-2.512,-1.833,-0.624,0.001,-0.0805,False,-0.0492,589.4,856.96
56.9,101.9,104.99,125.28,20.29,-1.08,-1.11,19.36,16.31,12.58,-2.238,-1.232,-0.244,0.001,-0.0815,False,-0.049,589.87,858.56
57.0,102.0,104.8,125.0,20.21,-1.93,-2.72,19.32,16.51,12.35,-2.477,-1.309,-0.586,0.001,-0.0839,False,-0.0489,590.33,859.98
57.1,102.1,104.69,125.04,20.36,-1.11,0.38,19.25,16.51,12.03,-3.292,-0.85,0.081,-0.0,-0.0844,False,-0.0488,590.8,861.04
57.2,102.2,104.49,124.64,20.15,-1.93,-3.95,19.19,16.71,11.84,-2.189,-1.056,-0.817,0.001,-0.0885,False,-0.0486,591.25,862.12
57.3,102.3,104.49,124.35,19.86,-0.02,-2.88,19.1,16.61,11.62,-2.34,-0.357,-0.585,0.001,-0.091,False,-0.0484,591.7,863.19
57.4,102.4,104.26,124.61,20.35,-2.25,2.58,19.05,16.79,11.33,-3.165,-1.296,0.511,-0.001,-0.0902,False,-0.0484,592.21,864.26
57.5,102.5,104.18,124.34,20.16,-0.82,-2.66,19.03,17.0,11.21,-1.489,-1.774,-0.521,0.001,-0.0948,False,-0.0483,592.67,865.34
57.6,102.6,103.79,124.06,20.27,-3.95,-2.77,18.98,17.33,10.92,-3.179,-2.352,-0.527,0.002,-0.0973,False,-0.048,593.13,866.44
57.7,102.7,103.66,123.97,20.3,-1.23,-0.9,18.89,17.04,10.74,-2.078,-0.713,-0.169,0.0,-0.1,False,-0.0479,593.61,867.54
57.8,102.8,103.26,124.11,20.84,-4.0,1.37,18.86,17.0,10.53,-2.46,-2.041,0.252,-0.001,-0.1009,False,-0.0479,594.13,868.65
57.9,102.9,102.79,123.91,21.11,-4.7,-1.94,18.91,17.11,10.2,-3.579,-1.253,-0.345,0.001,-0.1049,False,-0.0477,594.61,869.77
58.0,103.0,102.87,123.69,20.82,0.74,-2.17,18.8,17.16,10.19,-0.451,-1.697,-0.386,0.0,-0.1074,False,-0.0476,595.12,870.88
58.1,103.1,102.06,123.36,21.3,-8.05,-3.21,18.82,17.0,9.94,-2.871,-1.124,-0.558,0.002,-0.1095,False,-0.0474,595.62,872.02
58.2,103.2,102.12,124.01,21.89,0.57,6.43,18.9,16.97,9.84,-1.456,-1.852,1.105,-0.002,-0.1094,False,-0.0475,596.22,873.19
58.3,103.3,101.86,124.35,22.49,-2.59,3.35,18.8,17.06,9.75,-1.321,-1.211,0.57,-0.001,-0.1117,False,-0.0475,596.79,874.33
58.4,103.4,101.39,124.25,22.86,-4.72,-1.01,18.85,17.06,9.66,-1.311,-0.819,-0.17,0.0,-0.1145,False,-0.0473,597.35,875.5
58.5,103.5,101.19,124.26,23.07,-2.02,0.11,18.83,17.12,9.56,-1.411,-0.947,0.019,-0.0,-0.1149,False,-0.0472,597.91,876.68
58.6,103.6,100.64,124.28,23.64,-5.44,0.21,18.77,17.12,9.53,-0.71,-0.803,0.034,-0.0,-0.116,False,-0.0471,598.5,877.86
58.7,103.7,100.38,124.55,24.17,-2.66,2.79,18.69,17.12,9.7,1.245,1.78,0.472,0.001,-0.1148,False,-0.0469,599.07,879.06
58.8,103.8,99.71,124.47,24.76,-6.68,-0.79,18.78,17.0,9.74,-0.062,-0.124,-0.134,0.0,-0.1169,False,-0.0467,599.7,880.28
58.9,103.9,99.12,123.82,24.69,-5.85,-6.33,18.77,17.11,9.55,-2.297,-3.967,-1.056,0.003,-0.1198,False,-0.0464,600.28,881.6
59.0,104.0,98.69,123.83,25.14,-4.36,0.11,18.81,17.01,9.53,-0.706,-1.761,0.019,0.0,-0.1212,False,-0.0463,600.93,882.77
59.1,104.1,98.24,123.8,25.56,-4.52,-0.26,18.83,16.9,9.36,-2.189,-2.869,-0.043,0.0,-0.1187,False,-0.0462,601.61,884.03
59.2,104.2,97.67,124.23,26.56,-5.65,4.38,18.78,16.88,9.52,1.13,-0.424,0.728,0.001,-0.116,False,-0.046,602.26,885.3
59.3,104.3,96.77,124.6,27.83,-9.01,3.72,18.9,17.2,9.64,0.731,0.126,0.626,0.001,-0.1138,False,-0.0458,602.96,886.61
59.4,104.4,96.61,124.11,27.51,-1.65,-4.85,18.75,16.98,9.74,0.516,-0.374,-0.825,-0.0,-0.118,False,-0.0457,603.71,887.92
59.5,104.5,95.82,124.21,28.39,-7.85,0.97,18.75,17.04,9.86,0.775,1.55,0.167,0.0,-0.1148,False,-0.0456,604.48,889.24
59.6,104.6,95.31,123.5,28.19,-5.08,-7.11,18.9,16.88,9.91,0.481,0.449,-1.23,-0.001,-0.0197,False,-0.0456,605.13,890.6
59.7,104.7,94.55,124.24,29.69,-7.6,7.44,18.79,16.84,10.25,3.419,3.638,1.332,0.004,-0.0233,False,-0.0455,605.79,891.96
59.8,104.8,93.86,124.43,30.56,-6.87,1.8,18.96,16.36,9.85,-4.011,-6.129,0.309,0.002,-0.0244,False,-0.0455,606.5,893.35
59.9,104.9,93.68,123.57,29.88,-1.81,-8.55,18.97,16.38,9.83,-0.293,-1.132,-1.468,0.002,-0.0664,False,-0.0453,607.21,894.75
