config,scenario_id,duration_s,dist_gt_m,pos_error_m,drift_pct,pass_10pct,heading_rmse_deg,final_heading_err_deg,along_track_err_m,cross_track_err_m
A_baseline_gyro,Vfa01_t10s_d15s,15,248.6,100.28,40.34,False,26.67,1.11,37.13,93.16
A_baseline_gyro,Vfa01_t30s_d15s,15,294.69,41.18,13.97,False,8.62,14.21,27.55,30.61
A_baseline_gyro,Vfa01_t50s_d15s,15,295.9,73.47,24.83,False,17.2,31.91,62.35,38.88
A_baseline_gyro,Vfa01_t70s_d15s,15,266.32,54.6,20.5,False,1.26,2.79,54.58,1.25
A_baseline_gyro,Vfa01_t90s_d15s,15,291.48,77.25,26.5,False,20.66,22.69,31.48,70.54
A_baseline_gyro,Vfa01_t110s_d15s,15,284.35,58.71,20.65,False,16.16,7.29,4.04,58.57
A_baseline_gyro,Vfa01_t130s_d15s,15,295.81,96.87,32.75,False,21.82,33.46,5.48,96.71
A_baseline_gyro,Vfa01_t150s_d15s,15,300.23,67.93,22.63,False,6.33,9.97,67.93,0.65
A_baseline_gyro,Vfa01_t10s_d30s,30,528.33,158.51,30.0,False,22.2,12.24,63.7,145.15
A_baseline_gyro,Vfa01_t30s_d30s,30,594.58,100.21,16.85,False,9.46,5.73,53.82,84.53
A_baseline_gyro,Vfa01_t50s_d30s,30,566.91,245.44,43.29,False,30.74,41.66,141.96,200.22
A_baseline_gyro,Vfa01_t70s_d30s,30,563.55,20.87,3.7,True,5.94,21.42,20.62,3.21
A_baseline_gyro,Vfa01_t90s_d30s,30,570.46,129.8,22.75,False,17.67,21.75,82.7,100.05
A_baseline_gyro,Vfa01_t110s_d30s,30,585.75,59.94,10.23,False,13.81,16.94,32.36,50.46
A_baseline_gyro,Vfa01_t130s_d30s,30,574.97,327.37,56.94,False,37.85,45.77,83.7,316.49
A_baseline_gyro,Vfa01_t150s_d30s,30,656.72,196.48,29.92,False,16.8,22.24,183.69,69.72
A_baseline_gyro,Vfa01_t10s_d60s,60,1132.57,290.31,25.63,False,20.4,14.66,23.61,289.35
A_baseline_gyro,Vfa01_t30s_d60s,60,1162.46,216.61,18.63,False,21.51,37.1,113.07,184.75
A_baseline_gyro,Vfa01_t50s_d60s,60,1149.13,602.72,52.45,False,35.25,50.84,352.68,488.77
A_baseline_gyro,Vfa01_t70s_d60s,60,1139.7,89.82,7.88,True,10.0,18.19,69.72,56.63
A_baseline_gyro,Vfa01_t90s_d60s,60,1157.47,213.33,18.43,False,17.7,38.35,164.53,135.79
A_baseline_gyro,Vfa01_t110s_d60s,60,1188.19,374.27,31.5,False,25.52,15.62,101.43,360.26
A_baseline_gyro,Vfa01_t130s_d60s,60,1284.26,634.64,49.42,False,34.78,27.43,190.68,605.32
A_baseline_gyro,Vfa01_t150s_d60s,60,1348.04,311.77,23.13,False,17.65,16.58,217.41,223.45
A_baseline_gyro,Vfa01_t45s_d60s,60,1159.24,609.04,52.54,False,36.44,30.72,124.6,596.16
A_baseline_gyro,Vfa01_t220s_d60s,60,1037.33,220.11,21.22,False,10.55,12.13,218.61,25.64
B_transformed_gyro,Vfa01_t10s_d15s,15,248.6,100.28,40.34,False,26.67,1.11,37.13,93.16
B_transformed_gyro,Vfa01_t30s_d15s,15,294.69,40.82,13.85,False,8.62,14.22,26.83,30.76
B_transformed_gyro,Vfa01_t50s_d15s,15,295.9,73.47,24.83,False,17.2,31.91,62.35,38.88
B_transformed_gyro,Vfa01_t70s_d15s,15,266.32,54.6,20.5,False,1.26,2.79,54.58,1.25
B_transformed_gyro,Vfa01_t90s_d15s,15,291.48,77.24,26.5,False,20.66,22.68,31.39,70.57
B_transformed_gyro,Vfa01_t110s_d15s,15,284.35,58.71,20.65,False,16.16,7.29,4.04,58.57
B_transformed_gyro,Vfa01_t130s_d15s,15,295.81,96.84,32.74,False,21.82,33.46,5.46,96.69
B_transformed_gyro,Vfa01_t150s_d15s,15,300.23,67.93,22.63,False,6.33,9.97,67.93,0.65
B_transformed_gyro,Vfa01_t10s_d30s,30,528.33,158.47,30.0,False,22.2,12.24,63.6,145.15
B_transformed_gyro,Vfa01_t30s_d30s,30,594.58,99.71,16.77,False,9.46,5.71,53.02,84.44
B_transformed_gyro,Vfa01_t50s_d30s,30,566.91,245.44,43.29,False,30.74,41.66,141.96,200.22
B_transformed_gyro,Vfa01_t70s_d30s,30,563.55,20.88,3.7,True,5.94,21.42,20.64,3.18
B_transformed_gyro,Vfa01_t90s_d30s,30,570.46,129.78,22.75,False,17.66,21.74,82.72,100.0
B_transformed_gyro,Vfa01_t110s_d30s,30,585.75,59.8,10.21,False,13.81,16.92,32.23,50.38
B_transformed_gyro,Vfa01_t130s_d30s,30,574.97,327.36,56.93,False,37.85,45.77,83.73,316.47
B_transformed_gyro,Vfa01_t150s_d30s,30,656.72,196.48,29.92,False,16.8,22.24,183.69,69.72
B_transformed_gyro,Vfa01_t10s_d60s,60,1132.57,290.21,25.62,False,20.4,14.66,23.55,289.26
B_transformed_gyro,Vfa01_t30s_d60s,60,1162.46,215.73,18.56,False,21.48,37.02,111.8,184.5
B_transformed_gyro,Vfa01_t50s_d60s,60,1149.13,602.81,52.46,False,35.25,50.86,352.79,488.79
B_transformed_gyro,Vfa01_t70s_d60s,60,1139.7,89.89,7.89,True,10.0,18.2,69.87,56.55
B_transformed_gyro,Vfa01_t90s_d60s,60,1157.47,212.87,18.39,False,17.68,38.3,164.23,135.43
B_transformed_gyro,Vfa01_t110s_d60s,60,1188.19,373.97,31.47,False,25.5,15.59,101.31,359.99
B_transformed_gyro,Vfa01_t130s_d60s,60,1284.26,634.73,49.42,False,34.78,27.44,190.66,605.42
B_transformed_gyro,Vfa01_t150s_d60s,60,1348.04,312.14,23.16,False,17.64,16.53,217.47,223.92
B_transformed_gyro,Vfa01_t45s_d60s,60,1159.24,609.11,52.54,False,36.44,30.73,124.67,596.21
B_transformed_gyro,Vfa01_t220s_d60s,60,1037.33,220.67,21.27,False,10.58,12.21,219.06,26.56
C_explicit_bias_est,Vfa01_t10s_d15s,15,248.6,150.74,60.64,False,30.23,3.88,112.62,100.2
C_explicit_bias_est,Vfa01_t30s_d15s,15,294.69,81.06,27.51,False,16.2,23.39,40.97,69.94
C_explicit_bias_est,Vfa01_t50s_d15s,15,295.9,88.84,30.02,False,21.79,39.24,58.81,66.59
C_explicit_bias_est,Vfa01_t70s_d15s,15,266.32,127.77,47.98,False,17.2,28.36,72.61,105.14
C_explicit_bias_est,Vfa01_t90s_d15s,15,291.48,84.77,29.08,False,22.57,26.26,17.68,82.91
C_explicit_bias_est,Vfa01_t110s_d15s,15,284.35,54.66,19.22,False,9.91,4.22,54.29,6.35
C_explicit_bias_est,Vfa01_t130s_d15s,15,295.81,140.03,47.34,False,17.45,26.12,103.72,94.08
C_explicit_bias_est,Vfa01_t150s_d15s,15,300.23,147.09,48.99,False,21.33,38.44,146.43,13.94
C_explicit_bias_est,Vfa01_t10s_d30s,30,528.33,253.48,47.98,False,26.5,19.21,216.76,131.4
C_explicit_bias_est,Vfa01_t30s_d30s,30,594.58,176.97,29.76,False,17.53,5.2,52.22,169.09
C_explicit_bias_est,Vfa01_t50s_d30s,30,566.91,324.27,57.2,False,39.13,56.29,170.97,275.54
C_explicit_bias_est,Vfa01_t70s_d30s,30,563.55,352.05,62.47,False,38.54,89.9,200.77,289.19
C_explicit_bias_est,Vfa01_t90s_d30s,30,570.46,153.12,26.84,False,20.58,28.79,83.42,128.4
C_explicit_bias_est,Vfa01_t110s_d30s,30,585.75,86.36,14.74,False,14.57,0.24,60.23,61.88
C_explicit_bias_est,Vfa01_t130s_d30s,30,574.97,330.73,57.52,False,32.33,39.64,55.89,325.98
C_explicit_bias_est,Vfa01_t150s_d30s,30,656.72,417.85,63.63,False,47.02,72.76,409.2,84.61
C_explicit_bias_est,Vfa01_t10s_d60s,60,1132.57,449.16,39.66,False,25.28,6.56,183.4,410.02
C_explicit_bias_est,Vfa01_t30s_d60s,60,1162.46,60.77,5.23,True,16.96,22.17,58.27,17.25
C_explicit_bias_est,Vfa01_t50s_d60s,60,1149.13,865.12,75.28,False,51.23,80.21,549.04,668.57
C_explicit_bias_est,Vfa01_t70s_d60s,60,1139.7,1047.6,91.92,False,77.29,103.31,473.62,934.42
C_explicit_bias_est,Vfa01_t90s_d60s,60,1157.47,339.92,29.37,False,23.24,52.58,246.37,234.2
C_explicit_bias_est,Vfa01_t110s_d60s,60,1188.19,44.71,3.76,True,13.93,11.68,14.74,42.22
C_explicit_bias_est,Vfa01_t130s_d60s,60,1284.26,522.11,40.65,False,29.29,22.74,18.04,521.8
C_explicit_bias_est,Vfa01_t150s_d60s,60,1348.04,1245.98,92.43,False,69.4,89.52,861.31,900.34
C_explicit_bias_est,Vfa01_t45s_d60s,60,1159.24,1162.98,100.32,False,76.68,107.87,579.72,1008.19
C_explicit_bias_est,Vfa01_t220s_d60s,60,1037.33,424.29,40.9,False,14.33,18.64,301.24,298.79
D_zaru_stationary,Vfa01_t10s_d15s,15,248.6,150.74,60.64,False,30.23,3.88,112.62,100.2
D_zaru_stationary,Vfa01_t30s_d15s,15,294.69,81.06,27.51,False,16.2,23.39,40.97,69.94
D_zaru_stationary,Vfa01_t50s_d15s,15,295.9,88.84,30.02,False,21.79,39.24,58.81,66.59
D_zaru_stationary,Vfa01_t70s_d15s,15,266.32,127.77,47.98,False,17.2,28.36,72.61,105.14
D_zaru_stationary,Vfa01_t90s_d15s,15,291.48,84.77,29.08,False,22.57,26.26,17.68,82.91
D_zaru_stationary,Vfa01_t110s_d15s,15,284.35,54.66,19.22,False,9.91,4.22,54.29,6.35
D_zaru_stationary,Vfa01_t130s_d15s,15,295.81,140.03,47.34,False,17.45,26.12,103.72,94.08
D_zaru_stationary,Vfa01_t150s_d15s,15,300.23,147.09,48.99,False,21.33,38.44,146.43,13.94
D_zaru_stationary,Vfa01_t10s_d30s,30,528.33,253.48,47.98,False,26.5,19.21,216.76,131.4
D_zaru_stationary,Vfa01_t30s_d30s,30,594.58,176.97,29.76,False,17.53,5.2,52.22,169.09
D_zaru_stationary,Vfa01_t50s_d30s,30,566.91,324.27,57.2,False,39.13,56.29,170.97,275.54
D_zaru_stationary,Vfa01_t70s_d30s,30,563.55,352.05,62.47,False,38.54,89.9,200.77,289.19
D_zaru_stationary,Vfa01_t90s_d30s,30,570.46,153.12,26.84,False,20.58,28.79,83.42,128.4
D_zaru_stationary,Vfa01_t110s_d30s,30,585.75,86.36,14.74,False,14.57,0.24,60.23,61.88
D_zaru_stationary,Vfa01_t130s_d30s,30,574.97,330.73,57.52,False,32.33,39.64,55.89,325.98
D_zaru_stationary,Vfa01_t150s_d30s,30,656.72,417.85,63.63,False,47.02,72.76,409.2,84.61
D_zaru_stationary,Vfa01_t10s_d60s,60,1132.57,449.16,39.66,False,25.28,6.56,183.4,410.02
D_zaru_stationary,Vfa01_t30s_d60s,60,1162.46,60.77,5.23,True,16.96,22.17,58.27,17.25
D_zaru_stationary,Vfa01_t50s_d60s,60,1149.13,865.12,75.28,False,51.23,80.21,549.04,668.57
D_zaru_stationary,Vfa01_t70s_d60s,60,1139.7,1047.6,91.92,False,77.29,103.31,473.62,934.42
D_zaru_stationary,Vfa01_t90s_d60s,60,1157.47,339.92,29.37,False,23.24,52.58,246.37,234.2
D_zaru_stationary,Vfa01_t110s_d60s,60,1188.19,44.71,3.76,True,13.93,11.68,14.74,42.22
D_zaru_stationary,Vfa01_t130s_d60s,60,1284.26,522.11,40.65,False,29.29,22.74,18.04,521.8
D_zaru_stationary,Vfa01_t150s_d60s,60,1348.04,1245.98,92.43,False,69.4,89.52,861.31,900.34
D_zaru_stationary,Vfa01_t45s_d60s,60,1159.24,1162.98,100.32,False,76.68,107.87,579.72,1008.19
D_zaru_stationary,Vfa01_t220s_d60s,60,1037.33,424.29,40.9,False,14.33,18.64,301.24,298.79
E_gated_magnetometer,Vfa01_t10s_d15s,15,248.6,150.74,60.64,False,30.23,3.88,112.62,100.2
E_gated_magnetometer,Vfa01_t30s_d15s,15,294.69,81.06,27.51,False,16.2,23.39,40.97,69.94
E_gated_magnetometer,Vfa01_t50s_d15s,15,295.9,88.84,30.02,False,21.79,39.24,58.81,66.59
E_gated_magnetometer,Vfa01_t70s_d15s,15,266.32,127.77,47.98,False,17.2,28.36,72.61,105.14
E_gated_magnetometer,Vfa01_t90s_d15s,15,291.48,84.77,29.08,False,22.57,26.26,17.68,82.91
E_gated_magnetometer,Vfa01_t110s_d15s,15,284.35,54.66,19.22,False,9.91,4.22,54.29,6.35
E_gated_magnetometer,Vfa01_t130s_d15s,15,295.81,140.03,47.34,False,17.45,26.12,103.72,94.08
E_gated_magnetometer,Vfa01_t150s_d15s,15,300.23,147.09,48.99,False,21.33,38.44,146.43,13.94
E_gated_magnetometer,Vfa01_t10s_d30s,30,528.33,253.48,47.98,False,26.5,19.21,216.76,131.4
E_gated_magnetometer,Vfa01_t30s_d30s,30,594.58,176.97,29.76,False,17.53,5.2,52.22,169.09
E_gated_magnetometer,Vfa01_t50s_d30s,30,566.91,324.27,57.2,False,39.13,56.29,170.97,275.54
E_gated_magnetometer,Vfa01_t70s_d30s,30,563.55,352.05,62.47,False,38.54,89.9,200.77,289.19
E_gated_magnetometer,Vfa01_t90s_d30s,30,570.46,153.12,26.84,False,20.58,28.79,83.42,128.4
E_gated_magnetometer,Vfa01_t110s_d30s,30,585.75,86.36,14.74,False,14.57,0.24,60.23,61.88
E_gated_magnetometer,Vfa01_t130s_d30s,30,574.97,330.73,57.52,False,32.33,39.64,55.89,325.98
E_gated_magnetometer,Vfa01_t150s_d30s,30,656.72,459.2,69.92,False,52.94,79.64,456.57,49.1
E_gated_magnetometer,Vfa01_t10s_d60s,60,1132.57,449.16,39.66,False,25.28,6.56,183.4,410.02
E_gated_magnetometer,Vfa01_t30s_d60s,60,1162.46,60.77,5.23,True,16.96,22.17,58.27,17.25
E_gated_magnetometer,Vfa01_t50s_d60s,60,1149.13,944.49,82.19,False,52.75,86.3,635.08,699.09
E_gated_magnetometer,Vfa01_t70s_d60s,60,1139.7,1047.6,91.92,False,77.29,103.31,473.62,934.42
E_gated_magnetometer,Vfa01_t90s_d60s,60,1157.47,339.92,29.37,False,23.24,52.58,246.37,234.2
E_gated_magnetometer,Vfa01_t110s_d60s,60,1188.19,44.71,3.76,True,13.93,11.68,14.74,42.22
E_gated_magnetometer,Vfa01_t130s_d60s,60,1284.26,522.11,40.65,False,29.29,22.74,18.04,521.8
E_gated_magnetometer,Vfa01_t150s_d60s,60,1348.04,1187.95,88.12,False,66.38,71.81,830.72,849.19
E_gated_magnetometer,Vfa01_t45s_d60s,60,1159.24,1093.46,94.33,False,70.75,70.61,386.08,1023.03
E_gated_magnetometer,Vfa01_t220s_d60s,60,1037.33,424.29,40.9,False,14.33,18.64,301.24,298.79
F_ai_directional_consistency,Vfa01_t10s_d15s,15,248.6,150.74,60.64,False,30.23,3.88,112.62,100.2
F_ai_directional_consistency,Vfa01_t30s_d15s,15,294.69,81.06,27.51,False,16.2,23.39,40.97,69.94
F_ai_directional_consistency,Vfa01_t50s_d15s,15,295.9,88.84,30.02,False,21.79,39.24,58.81,66.59
F_ai_directional_consistency,Vfa01_t70s_d15s,15,266.32,127.77,47.98,False,17.2,28.36,72.61,105.14
F_ai_directional_consistency,Vfa01_t90s_d15s,15,291.48,84.77,29.08,False,22.57,26.26,17.68,82.91
F_ai_directional_consistency,Vfa01_t110s_d15s,15,284.35,54.66,19.22,False,9.91,4.22,54.29,6.35
F_ai_directional_consistency,Vfa01_t130s_d15s,15,295.81,140.03,47.34,False,17.45,26.12,103.72,94.08
F_ai_directional_consistency,Vfa01_t150s_d15s,15,300.23,147.09,48.99,False,21.33,38.44,146.43,13.94
F_ai_directional_consistency,Vfa01_t10s_d30s,30,528.33,253.48,47.98,False,26.5,19.21,216.76,131.4
F_ai_directional_consistency,Vfa01_t30s_d30s,30,594.58,176.97,29.76,False,17.53,5.2,52.22,169.09
F_ai_directional_consistency,Vfa01_t50s_d30s,30,566.91,324.27,57.2,False,39.13,56.29,170.97,275.54
F_ai_directional_consistency,Vfa01_t70s_d30s,30,563.55,352.05,62.47,False,38.54,89.9,200.77,289.19
F_ai_directional_consistency,Vfa01_t90s_d30s,30,570.46,153.12,26.84,False,20.58,28.79,83.42,128.4
F_ai_directional_consistency,Vfa01_t110s_d30s,30,585.75,86.36,14.74,False,14.57,0.24,60.23,61.88
F_ai_directional_consistency,Vfa01_t130s_d30s,30,574.97,330.73,57.52,False,32.33,39.64,55.89,325.98
F_ai_directional_consistency,Vfa01_t150s_d30s,30,656.72,417.85,63.63,False,47.02,72.76,409.2,84.61
F_ai_directional_consistency,Vfa01_t10s_d60s,60,1132.57,449.16,39.66,False,25.28,6.56,183.4,410.02
F_ai_directional_consistency,Vfa01_t30s_d60s,60,1162.46,60.77,5.23,True,16.96,22.17,58.27,17.25
F_ai_directional_consistency,Vfa01_t50s_d60s,60,1149.13,865.12,75.28,False,51.23,80.21,549.04,668.57
F_ai_directional_consistency,Vfa01_t70s_d60s,60,1139.7,1047.6,91.92,False,77.29,103.31,473.62,934.42
F_ai_directional_consistency,Vfa01_t90s_d60s,60,1157.47,339.92,29.37,False,23.24,52.58,246.37,234.2
F_ai_directional_consistency,Vfa01_t110s_d60s,60,1188.19,44.71,3.76,True,13.93,11.68,14.74,42.22
F_ai_directional_consistency,Vfa01_t130s_d60s,60,1284.26,522.11,40.65,False,29.29,22.74,18.04,521.8
F_ai_directional_consistency,Vfa01_t150s_d60s,60,1348.04,1245.98,92.43,False,69.4,89.52,861.31,900.34
F_ai_directional_consistency,Vfa01_t45s_d60s,60,1159.24,1162.98,100.32,False,76.68,107.87,579.72,1008.19
F_ai_directional_consistency,Vfa01_t220s_d60s,60,1037.33,424.29,40.9,False,14.33,18.64,301.24,298.79
