scenario_id,duration_s,dist_gt_m,mean_speed_mps,init_heading_deg,final_gt_heading_deg,final_raw_h_err_deg,final_vg_h_err_deg,mean_vg_h_err_deg,vg_bias_deg_s,vg_yr_rmse_deg_s,actual_pos_err_m,actual_drift_pct,heading_only_cross_err_m,heading_only_along_err_m
Vfa02_t30s_d15s,15,183.7,12.25,60.96,51.35,4.91,5.98,7.51,-0.473,5.302,54.08,29.44,-24.05,0.82
Vfa02_t50s_d15s,15,169.0,11.27,52.8,50.23,0.15,0.47,1.12,-0.089,4.665,42.28,25.01,-2.85,-0.12
Vfa02_t70s_d15s,15,200.3,13.36,50.77,49.91,10.84,11.81,6.12,-0.812,4.154,59.53,29.71,-21.52,-1.49
Vfa02_t90s_d15s,15,248.8,16.59,49.93,49.77,6.42,6.12,7.36,-0.294,6.893,36.15,14.53,-32.04,-2.17
Vfa02_t110s_d15s,15,264.2,17.61,49.17,47.96,5.88,6.45,4.06,-0.316,6.117,25.44,9.63,-18.84,-0.57
Vfa02_t130s_d15s,15,260.5,17.37,53.0,91.18,41.51,41.31,25.15,-2.596,5.872,117.65,45.16,-104.7,-48.56
Vfa02_t150s_d15s,15,223.9,14.93,90.2,67.56,20.14,25.14,7.64,1.923,9.762,102.6,45.82,-2.19,4.86
Vfa02_t170s_d15s,15,144.8,9.65,-43.1,86.85,133.14,132.74,109.56,15.339,19.376,227.7,157.27,-135.87,-131.76
Vfa02_t10s_d30s,30,175.5,5.85,180.0,53.55,110.29,107.31,110.28,-2.651,8.34,386.48,220.22,140.43,-243.96
Vfa02_t30s_d30s,30,361.1,12.04,60.96,50.39,7.92,9.49,7.65,-0.349,4.68,164.69,45.6,-47.52,-0.16
Vfa02_t50s_d30s,30,367.1,12.24,52.8,50.69,10.01,10.95,3.21,-0.369,4.871,157.85,43.0,-21.1,-1.49
Vfa02_t70s_d30s,30,437.3,14.58,50.77,49.94,8.32,8.87,7.02,-0.277,5.939,128.34,29.35,-53.91,-4.17
Vfa02_t90s_d30s,30,499.7,16.66,49.93,47.82,11.73,11.27,8.98,-0.323,6.332,109.7,21.95,-78.69,-4.17
Vfa02_t110s_d30s,30,518.7,17.29,49.17,86.19,46.14,47.37,11.05,-1.46,5.937,103.37,19.93,-81.64,-51.7
Vfa02_t130s_d30s,30,531.5,17.72,53.0,105.49,63.96,61.87,36.21,-1.937,6.0,347.93,65.46,-257.93,-208.27
Vfa02_t150s_d30s,30,350.1,11.67,90.2,99.04,16.4,8.1,52.97,11.917,17.188,301.88,86.23,-23.07,142.08
Vfa02_t10s_d60s,60,550.3,9.17,180.0,50.4,107.08,103.54,107.63,-1.391,6.777,1094.31,198.86,483.71,-727.02
Vfa02_t30s_d60s,60,762.9,12.71,60.96,50.66,9.89,11.84,11.32,-0.192,4.946,408.26,53.51,-151.8,-16.72
Vfa02_t50s_d60s,60,837.6,13.96,52.8,48.51,10.22,11.07,6.97,-0.179,5.604,297.3,35.5,-108.66,-7.03
Vfa02_t70s_d60s,60,953.7,15.9,50.77,52.82,15.66,17.35,9.34,-0.256,5.854,211.72,22.2,-157.86,-24.84
Vfa02_t90s_d60s,60,1036.9,17.28,49.93,90.6,63.73,65.03,22.52,-0.991,6.216,438.74,42.31,-323.68,-245.52
Vfa02_t110s_d60s,60,974.6,16.24,49.17,-41.01,70.49,76.65,31.83,1.435,9.423,486.61,49.93,123.86,454.77
Vfa02_t130s_d60s,60,832.9,13.88,53.0,115.19,87.93,77.52,54.35,4.862,13.411,584.44,70.17,-443.97,-301.27
Vfa02_t150s_d60s,60,656.4,10.94,90.2,58.79,18.0,27.5,47.85,6.935,15.643,395.47,60.25,217.96,168.92
