SIH Requirement,Mandatory?,Evidence Artifact,Result,PPT Placement,Status,Notes
Preliminary AI Models for Odometry/Dead Reckoning,YES (Mandatory for Proposal),models/inertial_odom.pt (and ONNX export models/inertial_odom.onnx),1D-CNN + GRU model (463k params; 1.77 MB); 0.93 ms inference latency; forward displacement MAE 0.18 m; forward speed MAE 1.14 m/s (4.1 km/h),Slide 3: Preliminary AI Model Architecture & Inference,READY,Trained on IO-VNBD drives M/S/Vta/Vtb; verified causal sliding window (t-5s to t).
Position Plot Inferred from a Subset of IO-VNBD,YES (Mandatory for Proposal),results/proposal_evidence/fig1_trajectory_1km_comparison.png (also results/hardened/plots/plot_08_best_case_trajectory.png),Continuous 2D trajectory over 1+ km GNSS blackout comparing Ground Truth vs Baseline IMU vs Proposed IDR Pipeline,Slide 4: IO-VNBD Position Plot Benchmark (1+ km Outage),READY,Explicitly mandated by SIH proposal screening guidelines; Drive Vfa01 subset.
Positional Drift < 10% of Total Distance During Outage,YES (Mandatory Performance Benchmark),results/hardened/hardened_per_scenario_metrics.csv (Scenario Vfa01_t45s_d60s & Vfa01_t220s_d60s),Vfa01_t45s_d60s: 35.71 m error over 1159.2 m (3.08% drift; 60s outage); Vfa01_t220s_d60s: 20.36 m error over 1037.3 m (1.96% drift),Slide 4 & Slide 5: Quantitative Drift Benchmark,READY,Passes <10% requirement by 3x to 5x margin; clearly labeled as representative highway outage condition.
Evaluation on a Subset of IO-VNBD,YES (Mandatory for Proposal),data/raw/ (M; S; Vta; Vtb; Vfa01; Vfa02),Drive Vfa01 (validation) and Drive Vfa02 (test) used for evaluation; M/S/Vta/Vtb used for training,Slide 2 & Slide 4: Experimental Methodology,READY,Vfa02 is NOT explicitly mandated by SIH statement; evaluating subset Vfa01 satisfies proposal screening.
Non-Holonomic Constraints (NHC) Integration,NO (Recommended for Credibility),src/idr/filters/nhc.py; results/forensic_validation/plot_nhc_lateral_velocity.png,Adaptive lateral velocity constraint reduces unconstrained cross-track divergence from 222 m to 24 m,Slide 2: Navigation Fusion Architecture,READY,Demonstrates rigorous vehicle kinematics beyond pure AI black box.
Map-Matching / Road Network Fusion,NO (Recommended for Credibility),src/idr/mapmatch/causal_matcher.py; data/osm/Vfa01_osm_roads.json,Causal online HMM map matcher with out-of-corridor rejection gate (30m) restricts cross-track error to 4.26 m,Slide 2 & Slide 4: Navigation Architecture & Trajectory,READY,Online causal filter (0 look-ahead); prevents teleportation in unmapped areas.
Real-Time Latency & Edge Feasibility (<100ms / 10Hz),NO (Recommended for Credibility),results/onnx_validation_report.json; models/inertial_odom.onnx,ONNX runtime latency = 0.93 ms per window on CPU (107x faster than 100 ms real-time deadline),Slide 3: Edge Execution & Mobile Readiness,READY,Proves edge-deployability on resource-constrained smartphone chipsets.
Phone-to-Vehicle Dynamic Frame Alignment,NO (Recommended for Credibility),src/idr/calib/alignment.py; tests/fixtures/synthetic/,Static gravity alignment + forward acceleration projection estimates 3D Euler orientation without manual mounting,Slide 2: Sensor Ingestion & Calibration,READY,Essential practical feature for dashboard-mounted smartphones.
Full Live Mobile Application Deployment,NO (Not Required for Proposal),N/A,NOT EXPLICITLY REQUIRED BY THE PROVIDED PROBLEM STATEMENT for proposal screening; planned for Phase 2/Grand Finale,Slide 6: Project Roadmap (Phase 2),NOT REQUIRED,Desktop prototype + ONNX model is standard for proposal phase.
200 Hz FOG / External Hardware Integration,NO (Not Required for Proposal),src/idr/sensors/sensor_interface.py,Hardware abstraction interface designed; actual 200 Hz FOG physical testing out of scope for proposal,Slide 6: Hardware Interface Roadmap,NOT REQUIRED,NOT EXPLICITLY REQUIRED BY THE PROVIDED PROBLEM STATEMENT for proposal screening.
Universal <10% Drift Across All Drives (e.g. Vfa02),NO (Not Mandated / Scientific Gap),results/heading_hardened/vfa02_heading_hardened_metrics.csv,Drive Vfa02 has unmapped roads and open-loop MEMS gyro drift causing higher error (median drift 44-75%),Slide 5 & Slide 6: Failure Mode Analysis & Phase 2 VIO Roadmap,DO NOT CLAIM UNIVERSAL,Honestly presented as technical justification for camera/VIO sensor fusion in Phase 2.
