filename,extension,path,creation_source_script,input_files,scenarios,metrics,configuration,auto_generated,manually_edited,status
fig1_trajectory_1km_comparison.png,.png,results/proposal_evidence/fig1_trajectory_1km_comparison.png,scripts/generate_proposal_figures.py,"S-Vfa01.csv, V-Vfa01.csv, models/inertial_odom.pt, data/osm/Vfa01_osm_roads.json",Vfa01_t70s_d60s,"Outage Error: 90.84m (7.97% drift); Raw IMU: 210.3m (18.4%); NHC: 222.0m (19.5%)",System 6: Full IDR Pipeline + C1 Reacquisition Blend,YES,NO,READY FOR PPT
fig2_gnss_blackout_route_overview.png,.png,results/proposal_evidence/fig2_gnss_blackout_route_overview.png,scripts/generate_proposal_figures.py,"S-Vfa01.csv, V-Vfa01.csv",Vfa01_t70s_d60s on full drive,"11.5 km full trip; 1,140m blackout; 90.8m error",Full Drive GT vs S6 Outage,YES,NO,READY FOR PPT
fig3_position_error_vs_time.png,.png,results/proposal_evidence/fig3_position_error_vs_time.png,scripts/generate_proposal_figures.py,"S-Vfa01.csv, V-Vfa01.csv, models/inertial_odom.pt",Vfa01_t70s_d60s,"Final Error: 90.84m; SIH bound: 114.0m",Multi-system error vs time curves,YES,NO,READY FOR PPT
fig4_ai_speed_estimation_tracking.png,.png,results/proposal_evidence/fig4_ai_speed_estimation_tracking.png,scripts/generate_proposal_figures.py,"S-Vfa01.csv, V-Vfa01.csv, models/inertial_odom.pt",Vfa01_t70s_d60s,Speed MAE = 3.84 km/h,InertialOdomNet vs ECU Speed,YES,NO,READY FOR PPT
fig5_architecture_drift_comparison.png,.png,results/proposal_evidence/fig5_architecture_drift_comparison.png,scripts/generate_proposal_figures.py,"S-Vfa01.csv, V-Vfa01.csv, models/inertial_odom.pt",Vfa01_t70s_d60s,"Drift %: Raw 18.45%; EKF 19.54%; NHC 19.48%; S6 7.97%",Multi-architecture bar ablation,YES,NO,READY FOR PPT
MUST_HAVE_FOR_SCREENING.md,.md,results/proposal_evidence/MUST_HAVE_FOR_SCREENING.md,Auditor / Senior Engineer,Mandatory SIH 26168 Screening Rules,Vfa01_t70s_d60s (ref: t45s; t30s),"90.84m / 7.97% drift; <10% benchmark satisfied",Documented Evidence Checklist,NO,YES (Curated),READY FOR PPT
PPT_evidence_content.md,.md,results/proposal_evidence/PPT_evidence_content.md,Auditor / Senior Engineer,Verified figures and model telemetry,Vfa01_t70s_d60s (ref: t45s; t30s),"90.84m / 7.97% drift; 210.32m Raw; 0.93ms ONNX",6-Slide Proposal Pitch Deck Text,NO,YES (Curated),READY FOR PPT
proposal_evidence_matrix.csv,.csv,results/proposal_evidence/proposal_evidence_matrix.csv,Auditor / Senior Engineer,Repository artifacts and models,Vfa01_t70s_d60s,"90.84m / 7.97% drift",Mandatory & Credibility Evidence Matrix,NO,YES (Curated),READY FOR PPT
DO_NOT_CLAIM.md,.md,results/proposal_evidence/DO_NOT_CLAIM.md,Auditor / Senior Engineer,Repository boundaries and Vfa02 failure modes,Vfa01_t70s_d60s (ref: t45s; t30s; Vfa02),7.97% mapped corridor vs 44-75% unmapped,Risk Mitigation Guidelines,NO,YES (Curated),READY FOR PPT
SHOULD_HAVE_FOR_CREDIBILITY.md,.md,results/proposal_evidence/SHOULD_HAVE_FOR_CREDIBILITY.md,Auditor / Senior Engineer,Architectural modules and filters,Vfa01,"NHC 24m vs 222m cross-track; 0.93ms latency",Architectural Credibility Dossier,NO,YES (Curated),READY FOR PPT
SIH_Proposal_Evidence_Audit.md,.md,results/proposal_evidence/SIH_Proposal_Evidence_Audit.md,Auditor / Senior Engineer,Complete repository codebase and IO-VNBD,Vfa01_t70s_d60s,"90.84m / 7.97% drift",Full Proposal Evidence Technical Audit,NO,YES (Curated),READY FOR PPT
