Scenario,Drive,Split,Duration_s,Distance_m,Final_Error_m,Drift_Pct,Passed,Maneuver_Type,Category
Vfa01_t10s_d15s,Vfa01,VALIDATION,15,248.6,108.7,43.73,False,Straight / Highway,STRESS
Vfa01_t30s_d15s,Vfa01,VALIDATION,15,294.7,75.76,25.71,False,Straight / Highway,STRESS
Vfa01_t50s_d15s,Vfa01,VALIDATION,15,295.9,95.52,32.28,False,Moderate Maneuvers,STRESS
Vfa01_t70s_d15s,Vfa01,VALIDATION,15,266.3,66.9,25.12,False,Straight / Highway,STRESS
Vfa01_t90s_d15s,Vfa01,VALIDATION,15,291.5,79.01,27.11,False,Moderate Maneuvers,STRESS
Vfa01_t110s_d15s,Vfa01,VALIDATION,15,284.3,89.99,31.65,False,Straight / Highway,STRESS
Vfa01_t130s_d15s,Vfa01,VALIDATION,15,295.8,16.69,5.64,True,Moderate Maneuvers,DEMONSTRATION (Passes <10%)
Vfa01_t150s_d15s,Vfa01,VALIDATION,15,300.2,85.97,28.63,False,Straight / Highway,STRESS
Vfa01_t10s_d30s,Vfa01,VALIDATION,30,528.3,79.0,14.95,False,Moderate Maneuvers,REPRESENTATIVE
Vfa01_t30s_d30s,Vfa01,VALIDATION,30,594.6,66.25,11.14,False,Straight / Highway,REPRESENTATIVE
Vfa01_t50s_d30s,Vfa01,VALIDATION,30,566.9,145.31,25.63,False,Moderate Maneuvers,STRESS
Vfa01_t70s_d30s,Vfa01,VALIDATION,30,563.5,56.03,9.94,True,Moderate Maneuvers,DEMONSTRATION (Passes <10%)
Vfa01_t90s_d30s,Vfa01,VALIDATION,30,570.5,61.0,10.69,False,Moderate Maneuvers,REPRESENTATIVE
Vfa01_t110s_d30s,Vfa01,VALIDATION,30,585.8,25.81,4.41,True,Moderate Maneuvers,DEMONSTRATION (Passes <10%)
Vfa01_t130s_d30s,Vfa01,VALIDATION,30,575.0,196.49,34.17,False,Moderate Maneuvers,STRESS
Vfa01_t150s_d30s,Vfa01,VALIDATION,30,656.7,41.5,6.32,True,Moderate Maneuvers,DEMONSTRATION (Passes <10%)
Vfa01_t10s_d60s,Vfa01,VALIDATION,60,1132.6,217.56,19.21,False,Straight / Highway,REPRESENTATIVE
Vfa01_t30s_d60s,Vfa01,VALIDATION,60,1162.5,30.02,2.58,True,Moderate Maneuvers,DEMONSTRATION (Passes <10%)
Vfa01_t50s_d60s,Vfa01,VALIDATION,60,1149.1,44.35,3.86,True,Moderate Maneuvers,DEMONSTRATION (Passes <10%)
Vfa01_t70s_d60s,Vfa01,VALIDATION,60,1139.7,90.84,7.97,True,Straight / Highway,DEMONSTRATION (Passes <10%)
Vfa01_t90s_d60s,Vfa01,VALIDATION,60,1157.5,65.68,5.67,True,Moderate Maneuvers,DEMONSTRATION (Passes <10%)
Vfa01_t110s_d60s,Vfa01,VALIDATION,60,1188.2,346.5,29.16,False,Moderate Maneuvers,STRESS
Vfa01_t130s_d60s,Vfa01,VALIDATION,60,1284.3,391.3,30.47,False,Moderate Maneuvers,STRESS
Vfa01_t150s_d60s,Vfa01,VALIDATION,60,1348.0,169.38,12.56,False,Straight / Highway,REPRESENTATIVE
Vfa01_t45s_d60s,Vfa01,VALIDATION,60,1159.2,35.71,3.08,True,Straight / Highway,DEMONSTRATION (Passes <10%)
Vfa01_t220s_d60s,Vfa01,VALIDATION,60,1037.3,161.97,15.61,False,Straight / Highway,REPRESENTATIVE
Vfa02_t30s_d15s,Vfa02,UNTOUCHED_TEST,15,183.7,415.92,226.43,False,Straight / Highway,FAILURE
Vfa02_t50s_d15s,Vfa02,UNTOUCHED_TEST,15,169.0,392.44,232.16,False,Straight / Highway,FAILURE
Vfa02_t70s_d15s,Vfa02,UNTOUCHED_TEST,15,200.3,388.65,193.99,False,Straight / Highway,FAILURE
Vfa02_t90s_d15s,Vfa02,UNTOUCHED_TEST,15,248.8,402.82,161.88,False,Straight / Highway,FAILURE
Vfa02_t110s_d15s,Vfa02,UNTOUCHED_TEST,15,264.2,418.76,158.49,False,Straight / Highway,FAILURE
Vfa02_t130s_d15s,Vfa02,UNTOUCHED_TEST,15,260.5,291.75,111.99,False,Moderate Maneuvers,FAILURE
Vfa02_t150s_d15s,Vfa02,UNTOUCHED_TEST,15,223.9,82.88,37.01,False,Moderate Maneuvers,STRESS
Vfa02_t170s_d15s,Vfa02,UNTOUCHED_TEST,15,144.8,53.25,36.78,False,Complex Urban / Ramps,STRESS
Vfa02_t10s_d30s,Vfa02,UNTOUCHED_TEST,30,175.5,546.11,311.19,False,Complex Urban / Ramps,FAILURE
Vfa02_t30s_d30s,Vfa02,UNTOUCHED_TEST,30,361.1,404.54,112.02,False,Straight / Highway,FAILURE
Vfa02_t50s_d30s,Vfa02,UNTOUCHED_TEST,30,367.1,395.61,107.78,False,Straight / Highway,FAILURE
Vfa02_t70s_d30s,Vfa02,UNTOUCHED_TEST,30,437.3,399.41,91.34,False,Straight / Highway,FAILURE
Vfa02_t90s_d30s,Vfa02,UNTOUCHED_TEST,30,499.7,414.84,83.02,False,Straight / Highway,FAILURE
Vfa02_t110s_d30s,Vfa02,UNTOUCHED_TEST,30,518.7,347.17,66.93,False,Moderate Maneuvers,FAILURE
Vfa02_t130s_d30s,Vfa02,UNTOUCHED_TEST,30,531.5,52.43,9.86,True,Complex Urban / Ramps,DEMONSTRATION (Passes <10%)
Vfa02_t150s_d30s,Vfa02,UNTOUCHED_TEST,30,350.1,171.3,48.93,False,Straight / Highway,STRESS
Vfa02_t10s_d60s,Vfa02,UNTOUCHED_TEST,60,550.3,999.22,181.58,False,Complex Urban / Ramps,FAILURE
Vfa02_t30s_d60s,Vfa02,UNTOUCHED_TEST,60,762.9,430.69,56.45,False,Straight / Highway,FAILURE
Vfa02_t50s_d60s,Vfa02,UNTOUCHED_TEST,60,837.6,419.53,50.09,False,Straight / Highway,FAILURE
Vfa02_t70s_d60s,Vfa02,UNTOUCHED_TEST,60,953.7,414.65,43.48,False,Straight / Highway,STRESS
Vfa02_t90s_d60s,Vfa02,UNTOUCHED_TEST,60,1036.9,196.29,18.93,False,Moderate Maneuvers,REPRESENTATIVE
Vfa02_t110s_d60s,Vfa02,UNTOUCHED_TEST,60,974.6,7.8,0.8,True,Complex Urban / Ramps,DEMONSTRATION (Passes <10%)
Vfa02_t130s_d60s,Vfa02,UNTOUCHED_TEST,60,832.9,499.65,59.99,False,Complex Urban / Ramps,FAILURE
Vfa02_t150s_d60s,Vfa02,UNTOUCHED_TEST,60,656.4,275.69,42.0,False,Moderate Maneuvers,STRESS
