scenario_id,duration_s,distance_m,pre_map_error_m,post_map_error_m,map_correction_magnitude_m,minimum_road_distance_m,map_accepted,accepted_ratio_pct,teleportation_prevented
Vfa02_t30s_d15s,15,183.69,54.08,54.08,0.0,442.77,False,0.0,True
Vfa02_t50s_d15s,15,169.04,42.28,42.28,0.0,397.52,False,0.0,True
Vfa02_t70s_d15s,15,200.34,59.53,59.53,0.0,395.14,False,0.0,True
Vfa02_t90s_d15s,15,248.84,36.15,36.15,0.0,411.23,False,0.0,True
Vfa02_t110s_d15s,15,264.22,25.44,25.44,0.0,420.54,False,0.0,True
Vfa02_t130s_d15s,15,260.52,117.65,117.65,0.0,395.14,False,0.0,False
Vfa02_t150s_d15s,15,223.91,94.94,102.6,14.63,73.59,False,0.0,False
Vfa02_t170s_d15s,15,144.78,227.7,227.7,0.0,89.33,False,0.0,False
Vfa02_t10s_d30s,30,175.49,386.48,386.48,0.0,418.76,False,0.0,False
Vfa02_t30s_d30s,30,361.13,164.69,164.69,0.0,434.59,False,0.0,False
Vfa02_t50s_d30s,30,367.07,157.85,157.85,0.0,396.07,False,0.0,False
Vfa02_t70s_d30s,30,437.28,128.34,128.34,0.0,414.74,False,0.0,False
Vfa02_t90s_d30s,30,499.71,109.7,109.7,0.0,438.36,False,0.0,False
Vfa02_t110s_d30s,30,518.7,103.37,103.37,0.0,430.21,False,0.0,False
Vfa02_t130s_d30s,30,531.54,347.93,347.93,0.0,364.6,False,0.0,False
Vfa02_t150s_d30s,30,350.08,301.88,301.88,0.0,70.45,False,0.0,False
Vfa02_t10s_d60s,60,550.29,1094.31,1094.31,0.0,269.96,False,0.0,False
Vfa02_t30s_d60s,60,762.89,408.26,408.26,0.0,456.83,False,0.0,False
Vfa02_t50s_d60s,60,837.57,297.3,297.3,0.0,432.94,False,0.0,False
Vfa02_t70s_d60s,60,953.71,211.72,211.72,0.0,446.97,False,0.0,False
Vfa02_t90s_d60s,60,1036.91,438.74,438.74,0.0,483.24,False,0.0,False
Vfa02_t110s_d60s,60,974.64,486.61,486.61,0.0,431.16,False,0.0,False
Vfa02_t130s_d60s,60,832.92,584.44,584.44,0.0,369.07,False,0.0,False
Vfa02_t150s_d60s,60,656.37,395.47,395.47,0.0,182.33,False,0.0,False
