scenario_id,drive_id,configuration,duration_s,distance_m,initial_speed_mps,final_speed_mps,final_pos_error_m,rmse_m,mae_m,cep50_m,drift_pct,passed_10pct
Vfa01_t10s_d15s,Vfa01,Baseline 1: Raw IMU,15,248.6,15.04,17.58,143.48,80.58,64.36,61.12,57.72,False
Vfa01_t10s_d15s,Vfa01,Baseline 2: Standard EKF,15,248.6,15.04,17.58,142.87,80.2,64.07,60.81,57.47,False
Vfa01_t10s_d15s,Vfa01,Baseline 3: EKF + NHC,15,248.6,15.04,17.58,142.45,80.01,63.93,60.71,57.3,False
Vfa01_t10s_d15s,Vfa01,Baseline 4: EKF + NHC + Map Matching,15,248.6,15.04,17.58,148.86,77.94,59.99,53.17,59.88,False
Vfa01_t10s_d15s,Vfa01,System 5: AI Odom + EKF + NHC,15,248.6,15.04,17.58,103.58,67.03,55.09,57.78,41.67,False
Vfa01_t10s_d15s,Vfa01,System 6: Full Pipeline (Ours),15,248.6,15.04,17.58,85.46,59.58,47.35,45.85,34.38,False
Vfa01_t45s_d15s,Vfa01,Baseline 1: Raw IMU,15,299.9,21.4,19.85,51.06,19.64,13.27,6.76,17.03,False
Vfa01_t45s_d15s,Vfa01,Baseline 2: Standard EKF,15,299.9,21.4,19.85,50.4,19.29,13.0,6.54,16.81,False
Vfa01_t45s_d15s,Vfa01,Baseline 3: EKF + NHC,15,299.9,21.4,19.85,50.04,19.14,12.91,6.49,16.69,False
Vfa01_t45s_d15s,Vfa01,Baseline 4: EKF + NHC + Map Matching,15,299.9,21.4,19.85,44.41,16.55,11.11,3.26,14.81,False
Vfa01_t45s_d15s,Vfa01,System 5: AI Odom + EKF + NHC,15,299.9,21.4,19.85,51.78,21.99,15.54,9.96,17.27,False
Vfa01_t45s_d15s,Vfa01,System 6: Full Pipeline (Ours),15,299.9,21.4,19.85,46.65,19.95,14.5,8.26,15.56,False
Vfa01_t80s_d15s,Vfa01,Baseline 1: Raw IMU,15,296.4,17.89,19.23,25.82,17.94,14.49,14.07,8.71,True
Vfa01_t80s_d15s,Vfa01,Baseline 2: Standard EKF,15,296.4,17.89,19.23,25.57,17.71,14.29,13.83,8.63,True
Vfa01_t80s_d15s,Vfa01,Baseline 3: EKF + NHC,15,296.4,17.89,19.23,25.82,17.74,14.3,13.77,8.71,True
Vfa01_t80s_d15s,Vfa01,Baseline 4: EKF + NHC + Map Matching,15,296.4,17.89,19.23,16.37,15.3,12.79,13.16,5.52,True
Vfa01_t80s_d15s,Vfa01,System 5: AI Odom + EKF + NHC,15,296.4,17.89,19.23,34.66,20.47,16.29,15.05,11.7,False
Vfa01_t80s_d15s,Vfa01,System 6: Full Pipeline (Ours),15,296.4,17.89,19.23,28.24,18.38,15.1,14.47,9.53,True
Vfa01_t115s_d15s,Vfa01,Baseline 1: Raw IMU,15,292.5,18.12,19.67,91.54,45.53,36.79,32.95,31.29,False
Vfa01_t115s_d15s,Vfa01,Baseline 2: Standard EKF,15,292.5,18.12,19.67,90.78,45.13,36.5,32.77,31.03,False
Vfa01_t115s_d15s,Vfa01,Baseline 3: EKF + NHC,15,292.5,18.12,19.67,89.85,44.83,36.32,32.78,30.72,False
Vfa01_t115s_d15s,Vfa01,Baseline 4: EKF + NHC + Map Matching,15,292.5,18.12,19.67,86.01,38.12,28.1,16.69,29.4,False
Vfa01_t115s_d15s,Vfa01,System 5: AI Odom + EKF + NHC,15,292.5,18.12,19.67,67.28,38.28,32.19,32.87,23.0,False
Vfa01_t115s_d15s,Vfa01,System 6: Full Pipeline (Ours),15,292.5,18.12,19.67,62.98,30.31,23.52,16.93,21.53,False
Vfa01_t150s_d15s,Vfa01,Baseline 1: Raw IMU,15,300.2,17.97,22.97,109.37,45.75,33.03,21.88,36.43,False
Vfa01_t150s_d15s,Vfa01,Baseline 2: Standard EKF,15,300.2,17.97,22.97,107.77,44.98,32.42,21.43,35.89,False
Vfa01_t150s_d15s,Vfa01,Baseline 3: EKF + NHC,15,300.2,17.97,22.97,107.84,45.16,32.59,21.72,35.92,False
Vfa01_t150s_d15s,Vfa01,Baseline 4: EKF + NHC + Map Matching,15,300.2,17.97,22.97,107.75,45.01,32.46,21.11,35.89,False
Vfa01_t150s_d15s,Vfa01,System 5: AI Odom + EKF + NHC,15,300.2,17.97,22.97,81.46,36.58,27.35,20.28,27.13,False
Vfa01_t150s_d15s,Vfa01,System 6: Full Pipeline (Ours),15,300.2,17.97,22.97,81.22,36.39,27.19,19.53,27.05,False
Vfa01_t185s_d15s,Vfa01,Baseline 1: Raw IMU,15,343.6,24.24,21.11,8.94,10.03,8.86,9.28,2.6,True
Vfa01_t185s_d15s,Vfa01,Baseline 2: Standard EKF,15,343.6,24.24,21.11,10.55,10.13,8.97,10.04,3.07,True
Vfa01_t185s_d15s,Vfa01,Baseline 3: EKF + NHC,15,343.6,24.24,21.11,10.87,10.2,9.03,10.23,3.16,True
Vfa01_t185s_d15s,Vfa01,Baseline 4: EKF + NHC + Map Matching,15,343.6,24.24,21.11,11.14,3.87,3.23,2.54,3.24,True
Vfa01_t185s_d15s,Vfa01,System 5: AI Odom + EKF + NHC,15,343.6,24.24,21.11,34.78,20.18,16.53,16.61,10.12,False
Vfa01_t185s_d15s,Vfa01,System 6: Full Pipeline (Ours),15,343.6,24.24,21.11,34.69,17.72,13.74,10.83,10.1,False
Vfa01_t220s_d15s,Vfa01,Baseline 1: Raw IMU,15,328.2,21.89,21.17,81.67,51.07,42.77,44.09,24.89,False
Vfa01_t220s_d15s,Vfa01,Baseline 2: Standard EKF,15,328.2,21.89,21.17,82.21,51.26,42.89,44.17,25.05,False
Vfa01_t220s_d15s,Vfa01,Baseline 3: EKF + NHC,15,328.2,21.89,21.17,82.16,51.28,42.91,44.19,25.03,False
Vfa01_t220s_d15s,Vfa01,Baseline 4: EKF + NHC + Map Matching,15,328.2,21.89,21.17,36.19,16.05,11.13,3.87,11.03,False
Vfa01_t220s_d15s,Vfa01,System 5: AI Odom + EKF + NHC,15,328.2,21.89,21.17,71.62,46.59,39.47,42.1,21.82,False
Vfa01_t220s_d15s,Vfa01,System 6: Full Pipeline (Ours),15,328.2,21.89,21.17,16.19,10.36,9.29,10.7,4.93,True
Vfa01_t255s_d15s,Vfa01,Baseline 1: Raw IMU,15,215.2,13.28,15.98,25.17,11.56,8.69,5.5,11.69,False
Vfa01_t255s_d15s,Vfa01,Baseline 2: Standard EKF,15,215.2,13.28,15.98,25.54,11.75,8.83,5.51,11.86,False
Vfa01_t255s_d15s,Vfa01,Baseline 3: EKF + NHC,15,215.2,13.28,15.98,25.75,11.76,8.82,5.45,11.96,False
Vfa01_t255s_d15s,Vfa01,Baseline 4: EKF + NHC + Map Matching,15,215.2,13.28,15.98,2.84,6.36,5.55,4.19,1.32,True
Vfa01_t255s_d15s,Vfa01,System 5: AI Odom + EKF + NHC,15,215.2,13.28,15.98,32.85,15.8,11.8,8.93,15.26,False
Vfa01_t255s_d15s,Vfa01,System 6: Full Pipeline (Ours),15,215.2,13.28,15.98,14.35,10.87,9.02,8.8,6.67,True
Vfa01_t10s_d30s,Vfa01,Baseline 1: Raw IMU,30,528.3,15.04,20.23,314.91,170.11,142.53,143.86,59.61,False
Vfa01_t10s_d30s,Vfa01,Baseline 2: Standard EKF,30,528.3,15.04,20.23,313.33,169.3,141.86,143.24,59.31,False
Vfa01_t10s_d30s,Vfa01,Baseline 3: EKF + NHC,30,528.3,15.04,20.23,309.81,168.02,140.95,142.82,58.64,False
Vfa01_t10s_d30s,Vfa01,Baseline 4: EKF + NHC + Map Matching,30,528.3,15.04,20.23,277.22,162.47,136.85,149.38,52.47,False
Vfa01_t10s_d30s,Vfa01,System 5: AI Odom + EKF + NHC,30,528.3,15.04,20.23,167.29,103.46,91.63,103.35,31.66,False
Vfa01_t10s_d30s,Vfa01,System 6: Full Pipeline (Ours),30,528.3,15.04,20.23,108.64,71.43,62.78,63.42,20.56,False
Vfa01_t45s_d30s,Vfa01,Baseline 1: Raw IMU,30,587.5,21.4,16.11,231.63,106.99,76.51,51.52,39.43,False
Vfa01_t45s_d30s,Vfa01,Baseline 2: Standard EKF,30,587.5,21.4,16.11,230.73,106.39,75.96,50.86,39.28,False
Vfa01_t45s_d30s,Vfa01,Baseline 3: EKF + NHC,30,587.5,21.4,16.11,229.85,105.87,75.56,50.5,39.13,False
Vfa01_t45s_d30s,Vfa01,Baseline 4: EKF + NHC + Map Matching,30,587.5,21.4,16.11,221.53,107.04,74.76,44.79,37.71,False
Vfa01_t45s_d30s,Vfa01,System 5: AI Odom + EKF + NHC,30,587.5,21.4,16.11,216.19,98.92,72.31,52.14,36.8,False
Vfa01_t45s_d30s,Vfa01,System 6: Full Pipeline (Ours),30,587.5,21.4,16.11,177.65,93.9,68.95,46.9,30.24,False
Vfa01_t80s_d30s,Vfa01,Baseline 1: Raw IMU,30,582.2,17.89,18.96,77.52,31.53,23.97,20.72,13.31,False
Vfa01_t80s_d30s,Vfa01,Baseline 2: Standard EKF,30,582.2,17.89,18.96,74.96,30.67,23.42,20.39,12.87,False
Vfa01_t80s_d30s,Vfa01,Baseline 3: EKF + NHC,30,582.2,17.89,18.96,74.43,30.44,23.3,20.38,12.78,False
Vfa01_t80s_d30s,Vfa01,Baseline 4: EKF + NHC + Map Matching,30,582.2,17.89,18.96,68.55,25.34,18.42,14.12,11.77,False
Vfa01_t80s_d30s,Vfa01,System 5: AI Odom + EKF + NHC,30,582.2,17.89,18.96,79.18,40.24,33.13,32.86,13.6,False
Vfa01_t80s_d30s,Vfa01,System 6: Full Pipeline (Ours),30,582.2,17.89,18.96,75.57,38.32,31.11,27.52,12.98,False
Vfa01_t115s_d30s,Vfa01,Baseline 1: Raw IMU,30,588.3,18.12,18.54,118.23,86.88,75.32,91.91,20.1,False
Vfa01_t115s_d30s,Vfa01,Baseline 2: Standard EKF,30,588.3,18.12,18.54,116.35,86.07,74.65,91.16,19.78,False
Vfa01_t115s_d30s,Vfa01,Baseline 3: EKF + NHC,30,588.3,18.12,18.54,115.73,85.67,74.3,90.23,19.67,False
Vfa01_t115s_d30s,Vfa01,Baseline 4: EKF + NHC + Map Matching,30,588.3,18.12,18.54,116.04,84.54,70.53,86.47,19.72,False
Vfa01_t115s_d30s,Vfa01,System 5: AI Odom + EKF + NHC,30,588.3,18.12,18.54,80.52,59.32,53.38,67.38,13.69,False
Vfa01_t115s_d30s,Vfa01,System 6: Full Pipeline (Ours),30,588.3,18.12,18.54,80.6,56.68,48.81,63.19,13.7,False
Vfa01_t150s_d30s,Vfa01,Baseline 1: Raw IMU,30,656.7,17.97,24.48,414.56,194.9,144.94,110.24,63.13,False
Vfa01_t150s_d30s,Vfa01,Baseline 2: Standard EKF,30,656.7,17.97,24.48,411.21,193.04,143.38,108.63,62.62,False
Vfa01_t150s_d30s,Vfa01,Baseline 3: EKF + NHC,30,656.7,17.97,24.48,409.07,192.24,142.95,108.7,62.29,False
Vfa01_t150s_d30s,Vfa01,Baseline 4: EKF + NHC + Map Matching,30,656.7,17.97,24.48,407.45,191.4,142.35,108.61,62.04,False
Vfa01_t150s_d30s,Vfa01,System 5: AI Odom + EKF + NHC,30,656.7,17.97,24.48,240.38,121.52,94.35,81.98,36.6,False
Vfa01_t150s_d30s,Vfa01,System 6: Full Pipeline (Ours),30,656.7,17.97,24.48,234.52,118.42,92.32,81.73,35.71,False
Vfa01_t185s_d30s,Vfa01,Baseline 1: Raw IMU,30,682.7,24.24,21.92,162.97,66.82,44.92,14.54,23.87,False
Vfa01_t185s_d30s,Vfa01,Baseline 2: Standard EKF,30,682.7,24.24,21.92,162.48,67.05,45.33,14.63,23.8,False
Vfa01_t185s_d30s,Vfa01,Baseline 3: EKF + NHC,30,682.7,24.24,21.92,161.75,66.92,45.33,14.71,23.69,False
Vfa01_t185s_d30s,Vfa01,Baseline 4: EKF + NHC + Map Matching,30,682.7,24.24,21.92,77.54,23.64,14.15,5.02,11.36,False
Vfa01_t185s_d30s,Vfa01,System 5: AI Odom + EKF + NHC,30,682.7,24.24,21.92,202.02,85.04,61.73,34.93,29.59,False
Vfa01_t185s_d30s,Vfa01,System 6: Full Pipeline (Ours),30,682.7,24.24,21.92,184.36,76.75,55.49,34.88,27.01,False
Vfa01_t220s_d30s,Vfa01,Baseline 1: Raw IMU,30,582.7,21.89,14.56,153.32,84.42,74.27,81.79,26.31,False
Vfa01_t220s_d30s,Vfa01,Baseline 2: Standard EKF,30,582.7,21.89,14.56,157.31,85.82,75.3,82.33,27.0,False
Vfa01_t220s_d30s,Vfa01,Baseline 3: EKF + NHC,30,582.7,21.89,14.56,156.09,85.57,75.14,82.28,26.79,False
Vfa01_t220s_d30s,Vfa01,Baseline 4: EKF + NHC + Map Matching,30,582.7,21.89,14.56,142.24,58.65,42.95,36.34,24.41,False
Vfa01_t220s_d30s,Vfa01,System 5: AI Odom + EKF + NHC,30,582.7,21.89,14.56,75.15,63.52,58.12,71.69,12.9,False
Vfa01_t220s_d30s,Vfa01,System 6: Full Pipeline (Ours),30,582.7,21.89,14.56,15.09,20.31,17.66,15.79,2.59,True
Vfa01_t255s_d30s,Vfa01,Baseline 1: Raw IMU,30,476.1,13.28,18.24,110.9,49.22,36.25,25.33,23.29,False
Vfa01_t255s_d30s,Vfa01,Baseline 2: Standard EKF,30,476.1,13.28,18.24,108.9,48.67,36.01,25.7,22.87,False
Vfa01_t255s_d30s,Vfa01,Baseline 3: EKF + NHC,30,476.1,13.28,18.24,110.59,49.18,36.33,25.91,23.23,False
Vfa01_t255s_d30s,Vfa01,Baseline 4: EKF + NHC + Map Matching,30,476.1,13.28,18.24,96.79,35.54,23.1,10.01,20.33,False
Vfa01_t255s_d30s,Vfa01,System 5: AI Odom + EKF + NHC,30,476.1,13.28,18.24,73.56,41.61,33.69,33.03,15.45,False
Vfa01_t255s_d30s,Vfa01,System 6: Full Pipeline (Ours),30,476.1,13.28,18.24,17.83,12.21,10.78,12.1,3.75,True
Vfa01_t10s_d60s,Vfa01,Baseline 1: Raw IMU,60,1132.6,15.04,19.47,868.2,452.62,368.83,315.65,76.66,False
Vfa01_t10s_d60s,Vfa01,Baseline 2: Standard EKF,60,1132.6,15.04,19.47,985.68,477.54,382.63,314.05,87.03,False
Vfa01_t10s_d60s,Vfa01,Baseline 3: EKF + NHC,60,1132.6,15.04,19.47,966.45,469.72,377.05,310.51,85.33,False
Vfa01_t10s_d60s,Vfa01,Baseline 4: EKF + NHC + Map Matching,60,1132.6,15.04,19.47,990.3,457.3,363.83,277.94,87.44,False
Vfa01_t10s_d60s,Vfa01,System 5: AI Odom + EKF + NHC,60,1132.6,15.04,19.47,307.25,207.83,181.08,167.49,27.13,False
Vfa01_t10s_d60s,Vfa01,System 6: Full Pipeline (Ours),60,1132.6,15.04,19.47,118.29,145.5,124.63,112.52,10.44,False
Vfa01_t45s_d60s,Vfa01,Baseline 1: Raw IMU,60,1159.2,21.4,18.97,587.96,320.28,250.65,232.15,50.72,False
Vfa01_t45s_d60s,Vfa01,Baseline 2: Standard EKF,60,1159.2,21.4,18.97,587.98,319.96,250.16,231.26,50.72,False
Vfa01_t45s_d60s,Vfa01,Baseline 3: EKF + NHC,60,1159.2,21.4,18.97,585.49,318.84,249.24,230.38,50.51,False
Vfa01_t45s_d60s,Vfa01,Baseline 4: EKF + NHC + Map Matching,60,1159.2,21.4,18.97,881.85,394.18,285.24,221.84,76.07,False
Vfa01_t45s_d60s,Vfa01,System 5: AI Odom + EKF + NHC,60,1159.2,21.4,18.97,607.21,325.15,251.75,216.8,52.38,False
Vfa01_t45s_d60s,Vfa01,System 6: Full Pipeline (Ours),60,1159.2,21.4,18.97,894.75,409.19,289.94,177.85,77.18,False
Vfa01_t80s_d60s,Vfa01,Baseline 1: Raw IMU,60,1168.0,17.89,20.21,277.08,131.44,96.72,77.72,23.72,False
Vfa01_t80s_d60s,Vfa01,Baseline 2: Standard EKF,60,1168.0,17.89,20.21,267.08,126.91,93.46,75.14,22.87,False
Vfa01_t80s_d60s,Vfa01,Baseline 3: EKF + NHC,60,1168.0,17.89,20.21,267.5,126.91,93.44,74.69,22.9,False
Vfa01_t80s_d60s,Vfa01,Baseline 4: EKF + NHC + Map Matching,60,1168.0,17.89,20.21,264.37,127.07,90.13,68.24,22.63,False
Vfa01_t80s_d60s,Vfa01,System 5: AI Odom + EKF + NHC,60,1168.0,17.89,20.21,154.49,91.73,76.59,79.26,13.23,False
Vfa01_t80s_d60s,Vfa01,System 6: Full Pipeline (Ours),60,1168.0,17.89,20.21,149.33,89.06,73.59,73.88,12.79,False
Vfa01_t115s_d60s,Vfa01,Baseline 1: Raw IMU,60,1214.1,18.12,24.47,436.56,181.23,146.88,117.57,35.96,False
Vfa01_t115s_d60s,Vfa01,Baseline 2: Standard EKF,60,1214.1,18.12,24.47,427.3,177.52,144.11,115.97,35.19,False
Vfa01_t115s_d60s,Vfa01,Baseline 3: EKF + NHC,60,1214.1,18.12,24.47,424.44,176.34,143.17,115.42,34.96,False
Vfa01_t115s_d60s,Vfa01,Baseline 4: EKF + NHC + Map Matching,60,1214.1,18.12,24.47,439.73,176.0,140.36,114.86,36.22,False
Vfa01_t115s_d60s,Vfa01,System 5: AI Odom + EKF + NHC,60,1214.1,18.12,24.47,309.94,139.57,112.78,80.54,25.53,False
Vfa01_t115s_d60s,Vfa01,System 6: Full Pipeline (Ours),60,1214.1,18.12,24.47,304.0,129.14,104.06,80.26,25.04,False
Vfa01_t150s_d60s,Vfa01,Baseline 1: Raw IMU,60,1348.0,17.97,23.56,1044.06,550.96,438.93,415.66,77.45,False
Vfa01_t150s_d60s,Vfa01,Baseline 2: Standard EKF,60,1348.0,17.97,23.56,1053.94,548.68,436.52,412.3,78.18,False
Vfa01_t150s_d60s,Vfa01,Baseline 3: EKF + NHC,60,1348.0,17.97,23.56,1041.39,543.98,433.25,410.16,77.25,False
Vfa01_t150s_d60s,Vfa01,Baseline 4: EKF + NHC + Map Matching,60,1348.0,17.97,23.56,1039.87,542.61,432.0,408.54,77.14,False
Vfa01_t150s_d60s,Vfa01,System 5: AI Odom + EKF + NHC,60,1348.0,17.97,23.56,427.7,270.92,226.74,240.88,31.73,False
Vfa01_t150s_d60s,Vfa01,System 6: Full Pipeline (Ours),60,1348.0,17.97,23.56,414.86,256.06,215.46,234.95,30.78,False
Vfa01_t185s_d60s,Vfa01,Baseline 1: Raw IMU,60,1305.8,24.24,14.3,482.87,239.27,181.57,163.45,36.98,False
Vfa01_t185s_d60s,Vfa01,Baseline 2: Standard EKF,60,1305.8,24.24,14.3,470.5,233.88,178.22,162.94,36.03,False
Vfa01_t185s_d60s,Vfa01,Baseline 3: EKF + NHC,60,1305.8,24.24,14.3,461.71,230.13,175.75,162.2,35.36,False
Vfa01_t185s_d60s,Vfa01,Baseline 4: EKF + NHC + Map Matching,60,1305.8,24.24,14.3,332.84,169.59,120.92,78.11,25.49,False
Vfa01_t185s_d60s,Vfa01,System 5: AI Odom + EKF + NHC,60,1305.8,24.24,14.3,481.74,270.11,212.51,202.68,36.89,False
Vfa01_t185s_d60s,Vfa01,System 6: Full Pipeline (Ours),60,1305.8,24.24,14.3,364.23,257.35,201.62,185.03,27.89,False
Vfa01_t220s_d60s,Vfa01,Baseline 1: Raw IMU,60,1037.3,21.89,18.13,442.51,240.13,194.98,153.74,42.66,False
Vfa01_t220s_d60s,Vfa01,Baseline 2: Standard EKF,60,1037.3,21.89,18.13,461.96,248.3,200.88,157.75,44.53,False
Vfa01_t220s_d60s,Vfa01,Baseline 3: EKF + NHC,60,1037.3,21.89,18.13,454.87,245.1,198.66,156.51,43.85,False
Vfa01_t220s_d60s,Vfa01,Baseline 4: EKF + NHC + Map Matching,60,1037.3,21.89,18.13,452.34,239.55,181.7,142.7,43.61,False
Vfa01_t220s_d60s,Vfa01,System 5: AI Odom + EKF + NHC,60,1037.3,21.89,18.13,8.67,64.22,60.07,73.04,0.84,True
Vfa01_t220s_d60s,Vfa01,System 6: Full Pipeline (Ours),60,1037.3,21.89,18.13,3.02,29.67,24.36,19.34,0.29,True
Vfa01_t255s_d60s,Vfa01,Baseline 1: Raw IMU,60,1120.1,13.28,20.63,417.7,193.17,144.77,111.22,37.29,False
Vfa01_t255s_d60s,Vfa01,Baseline 2: Standard EKF,60,1120.1,13.28,20.63,406.9,188.48,141.59,109.22,36.33,False
Vfa01_t255s_d60s,Vfa01,Baseline 3: EKF + NHC,60,1120.1,13.28,20.63,413.29,191.49,143.76,110.91,36.9,False
Vfa01_t255s_d60s,Vfa01,Baseline 4: EKF + NHC + Map Matching,60,1120.1,13.28,20.63,407.41,184.85,132.71,97.21,36.37,False
Vfa01_t255s_d60s,Vfa01,System 5: AI Odom + EKF + NHC,60,1120.1,13.28,20.63,154.5,80.38,68.38,73.64,13.79,False
Vfa01_t255s_d60s,Vfa01,System 6: Full Pipeline (Ours),60,1120.1,13.28,20.63,153.53,63.63,44.71,20.32,13.71,False
Vfa02_t45s_d15s,Vfa02,Baseline 1: Raw IMU,15,177.4,14.31,11.83,66.33,28.07,18.49,7.32,37.38,False
Vfa02_t45s_d15s,Vfa02,Baseline 2: Standard EKF,15,177.4,14.31,11.83,66.44,28.07,18.48,7.29,37.44,False
Vfa02_t45s_d15s,Vfa02,Baseline 3: EKF + NHC,15,177.4,14.31,11.83,66.01,27.9,18.38,7.26,37.2,False
Vfa02_t45s_d15s,Vfa02,Baseline 4: EKF + NHC + Map Matching,15,177.4,14.31,11.83,398.89,405.28,405.26,403.63,224.8,False
Vfa02_t45s_d15s,Vfa02,System 5: AI Odom + EKF + NHC,15,177.4,14.31,11.83,67.25,30.97,21.25,11.24,37.9,False
Vfa02_t45s_d15s,Vfa02,System 6: Full Pipeline (Ours),15,177.4,14.31,11.83,398.89,405.48,405.46,403.72,224.8,False
Vfa02_t80s_d15s,Vfa02,Baseline 1: Raw IMU,15,221.6,13.61,16.92,3.37,3.26,2.69,2.31,1.52,True
Vfa02_t80s_d15s,Vfa02,Baseline 2: Standard EKF,15,221.6,13.61,16.92,2.57,3.32,2.72,2.35,1.16,True
Vfa02_t80s_d15s,Vfa02,Baseline 3: EKF + NHC,15,221.6,13.61,16.92,1.88,3.29,2.71,2.47,0.85,True
Vfa02_t80s_d15s,Vfa02,Baseline 4: EKF + NHC + Map Matching,15,221.6,13.61,16.92,394.97,390.0,390.0,389.05,178.25,False
Vfa02_t80s_d15s,Vfa02,System 5: AI Odom + EKF + NHC,15,221.6,13.61,16.92,12.22,8.41,6.86,8.23,5.52,True
Vfa02_t80s_d15s,Vfa02,System 6: Full Pipeline (Ours),15,221.6,13.61,16.92,395.15,390.08,390.07,389.05,178.33,False
Vfa02_t115s_d15s,Vfa02,Baseline 1: Raw IMU,15,268.0,16.71,16.63,30.5,10.8,8.01,5.14,11.38,False
Vfa02_t115s_d15s,Vfa02,Baseline 2: Standard EKF,15,268.0,16.71,16.63,31.29,11.17,8.3,5.4,11.68,False
Vfa02_t115s_d15s,Vfa02,Baseline 3: EKF + NHC,15,268.0,16.71,16.63,31.7,11.39,8.44,5.38,11.83,False
Vfa02_t115s_d15s,Vfa02,Baseline 4: EKF + NHC + Map Matching,15,268.0,16.71,16.63,415.66,415.25,415.24,416.11,155.1,False
Vfa02_t115s_d15s,Vfa02,System 5: AI Odom + EKF + NHC,15,268.0,16.71,16.63,14.27,6.22,5.15,3.97,5.33,True
Vfa02_t115s_d15s,Vfa02,System 6: Full Pipeline (Ours),15,268.0,16.71,16.63,414.74,415.14,415.13,415.79,154.76,False
Vfa02_t150s_d15s,Vfa02,Baseline 1: Raw IMU,15,223.9,19.21,8.32,67.73,28.81,20.35,10.21,30.25,False
Vfa02_t150s_d15s,Vfa02,Baseline 2: Standard EKF,15,223.9,19.21,8.32,97.78,34.56,22.79,9.7,43.67,False
Vfa02_t150s_d15s,Vfa02,Baseline 3: EKF + NHC,15,223.9,19.21,8.32,95.11,33.59,22.19,9.57,42.48,False
Vfa02_t150s_d15s,Vfa02,Baseline 4: EKF + NHC + Map Matching,15,223.9,19.21,8.32,24.23,92.8,71.56,53.21,10.82,False
Vfa02_t150s_d15s,Vfa02,System 5: AI Odom + EKF + NHC,15,223.9,19.21,8.32,29.97,16.73,13.32,11.83,13.38,False
Vfa02_t150s_d15s,Vfa02,System 6: Full Pipeline (Ours),15,223.9,19.21,8.32,24.23,92.8,71.56,53.21,10.82,False
Vfa02_t185s_d15s,Vfa02,Baseline 1: Raw IMU,15,158.1,14.86,10.27,45.57,48.01,42.05,49.86,28.82,False
Vfa02_t185s_d15s,Vfa02,Baseline 2: Standard EKF,15,158.1,14.86,10.27,78.43,61.77,52.84,63.88,49.61,False
Vfa02_t185s_d15s,Vfa02,Baseline 3: EKF + NHC,15,158.1,14.86,10.27,78.44,61.5,52.58,63.2,49.61,False
Vfa02_t185s_d15s,Vfa02,Baseline 4: EKF + NHC + Map Matching,15,158.1,14.86,10.27,82.31,62.12,54.05,60.52,52.06,False
Vfa02_t185s_d15s,Vfa02,System 5: AI Odom + EKF + NHC,15,158.1,14.86,10.27,18.0,30.77,25.92,27.56,11.38,False
Vfa02_t185s_d15s,Vfa02,System 6: Full Pipeline (Ours),15,158.1,14.86,10.27,4.17,37.01,30.92,28.23,2.64,True
Vfa02_t220s_d15s,Vfa02,Baseline 1: Raw IMU,15,153.5,0.16,18.3,125.9,56.27,40.7,28.45,82.03,False
Vfa02_t220s_d15s,Vfa02,Baseline 2: Standard EKF,15,153.5,0.16,18.3,126.0,56.33,40.78,28.53,82.09,False
Vfa02_t220s_d15s,Vfa02,Baseline 3: EKF + NHC,15,153.5,0.16,18.3,126.22,56.38,40.81,28.55,82.23,False
Vfa02_t220s_d15s,Vfa02,Baseline 4: EKF + NHC + Map Matching,15,153.5,0.16,18.3,126.46,60.69,52.54,37.23,82.39,False
Vfa02_t220s_d15s,Vfa02,System 5: AI Odom + EKF + NHC,15,153.5,0.16,18.3,28.95,13.28,9.65,6.77,18.86,False
Vfa02_t220s_d15s,Vfa02,System 6: Full Pipeline (Ours),15,153.5,0.16,18.3,20.84,21.37,19.9,24.62,13.58,False
Vfa02_t255s_d15s,Vfa02,Baseline 1: Raw IMU,15,342.3,23.71,22.34,14.15,8.65,7.11,8.03,4.13,True
Vfa02_t255s_d15s,Vfa02,Baseline 2: Standard EKF,15,342.3,23.71,22.34,13.92,8.49,6.96,7.87,4.07,True
Vfa02_t255s_d15s,Vfa02,Baseline 3: EKF + NHC,15,342.3,23.71,22.34,13.96,8.5,6.97,7.87,4.08,True
Vfa02_t255s_d15s,Vfa02,Baseline 4: EKF + NHC + Map Matching,15,342.3,23.71,22.34,8.67,6.86,6.39,6.96,2.53,True
Vfa02_t255s_d15s,Vfa02,System 5: AI Odom + EKF + NHC,15,342.3,23.71,22.34,47.09,23.54,18.18,16.21,13.76,False
Vfa02_t255s_d15s,Vfa02,System 6: Full Pipeline (Ours),15,342.3,23.71,22.34,46.24,23.19,18.58,15.88,13.51,False
Vfa02_t290s_d15s,Vfa02,Baseline 1: Raw IMU,15,362.7,23.39,25.46,31.56,15.99,12.68,11.36,8.7,True
Vfa02_t290s_d15s,Vfa02,Baseline 2: Standard EKF,15,362.7,23.39,25.46,31.75,16.05,12.71,11.32,8.75,True
Vfa02_t290s_d15s,Vfa02,Baseline 3: EKF + NHC,15,362.7,23.39,25.46,31.79,16.06,12.71,11.32,8.76,True
Vfa02_t290s_d15s,Vfa02,Baseline 4: EKF + NHC + Map Matching,15,362.7,23.39,25.46,23.32,12.53,10.68,9.87,6.43,True
Vfa02_t290s_d15s,Vfa02,System 5: AI Odom + EKF + NHC,15,362.7,23.39,25.46,44.54,16.84,11.56,6.86,12.28,False
Vfa02_t290s_d15s,Vfa02,System 6: Full Pipeline (Ours),15,362.7,23.39,25.46,41.01,14.53,10.2,4.75,11.31,False
Vfa02_t10s_d30s,Vfa02,Baseline 1: Raw IMU,30,175.5,0.01,13.28,276.12,138.94,109.71,99.21,157.34,False
Vfa02_t10s_d30s,Vfa02,Baseline 2: Standard EKF,30,175.5,0.01,13.28,276.41,139.0,109.63,98.98,157.51,False
Vfa02_t10s_d30s,Vfa02,Baseline 3: EKF + NHC,30,175.5,0.01,13.28,278.41,139.78,110.19,99.56,158.65,False
Vfa02_t10s_d30s,Vfa02,Baseline 4: EKF + NHC + Map Matching,30,175.5,0.01,13.28,494.16,479.95,479.94,479.21,281.59,False
Vfa02_t10s_d30s,Vfa02,System 5: AI Odom + EKF + NHC,30,175.5,0.01,13.28,475.0,235.91,184.99,162.73,270.66,False
Vfa02_t10s_d30s,Vfa02,System 6: Full Pipeline (Ours),30,175.5,0.01,13.28,593.35,505.06,504.04,489.68,338.1,False
Vfa02_t45s_d30s,Vfa02,Baseline 1: Raw IMU,30,371.5,14.31,12.85,224.03,104.26,77.89,66.69,60.31,False
Vfa02_t45s_d30s,Vfa02,Baseline 2: Standard EKF,30,371.5,14.31,12.85,225.74,104.81,78.23,66.8,60.77,False
Vfa02_t45s_d30s,Vfa02,Baseline 3: EKF + NHC,30,371.5,14.31,12.85,224.6,104.31,77.85,66.37,60.46,False
Vfa02_t45s_d30s,Vfa02,Baseline 4: EKF + NHC + Map Matching,30,371.5,14.31,12.85,437.84,408.88,408.77,406.15,117.87,False
Vfa02_t45s_d30s,Vfa02,System 5: AI Odom + EKF + NHC,30,371.5,14.31,12.85,153.0,85.59,67.64,67.51,41.19,False
Vfa02_t45s_d30s,Vfa02,System 6: Full Pipeline (Ours),30,371.5,14.31,12.85,413.5,405.15,405.12,404.17,111.32,False
Vfa02_t80s_d30s,Vfa02,Baseline 1: Raw IMU,30,470.5,13.61,16.78,42.86,21.22,15.12,5.77,9.11,True
Vfa02_t80s_d30s,Vfa02,Baseline 2: Standard EKF,30,470.5,13.61,16.78,39.35,19.68,14.09,5.8,8.36,True
Vfa02_t80s_d30s,Vfa02,Baseline 3: EKF + NHC,30,470.5,13.61,16.78,35.95,18.14,13.06,5.66,7.64,True
Vfa02_t80s_d30s,Vfa02,Baseline 4: EKF + NHC + Map Matching,30,470.5,13.61,16.78,407.48,395.84,395.79,395.0,86.61,False
Vfa02_t80s_d30s,Vfa02,System 5: AI Odom + EKF + NHC,30,470.5,13.61,16.78,12.0,8.59,7.73,8.0,2.55,True
Vfa02_t80s_d30s,Vfa02,System 6: Full Pipeline (Ours),30,470.5,13.61,16.78,406.07,395.51,395.46,395.18,86.31,False
Vfa02_t115s_d30s,Vfa02,Baseline 1: Raw IMU,30,528.5,16.71,19.6,207.49,88.94,61.18,30.87,39.26,False
Vfa02_t115s_d30s,Vfa02,Baseline 2: Standard EKF,30,528.5,16.71,19.6,209.94,90.23,62.19,31.69,39.72,False
Vfa02_t115s_d30s,Vfa02,Baseline 3: EKF + NHC,30,528.5,16.71,19.6,208.55,90.0,62.19,32.12,39.46,False
Vfa02_t115s_d30s,Vfa02,Baseline 4: EKF + NHC + Map Matching,30,528.5,16.71,19.6,316.37,402.79,402.0,412.38,59.86,False
Vfa02_t115s_d30s,Vfa02,System 5: AI Odom + EKF + NHC,30,528.5,16.71,19.6,106.21,36.0,23.97,14.48,20.1,False
Vfa02_t115s_d30s,Vfa02,System 6: Full Pipeline (Ours),30,528.5,16.71,19.6,291.75,393.47,391.98,411.09,55.2,False
Vfa02_t150s_d30s,Vfa02,Baseline 1: Raw IMU,30,350.1,19.21,8.96,27.36,47.44,38.26,31.93,7.81,True
Vfa02_t150s_d30s,Vfa02,Baseline 2: Standard EKF,30,350.1,19.21,8.96,566.68,240.7,166.87,98.92,161.87,False
Vfa02_t150s_d30s,Vfa02,Baseline 3: EKF + NHC,30,350.1,19.21,8.96,556.38,235.97,163.45,96.23,158.93,False
Vfa02_t150s_d30s,Vfa02,Baseline 4: EKF + NHC + Map Matching,30,350.1,19.21,8.96,437.18,186.5,142.28,119.99,124.88,False
Vfa02_t150s_d30s,Vfa02,System 5: AI Odom + EKF + NHC,30,350.1,19.21,8.96,130.12,51.88,37.98,29.58,37.17,False
Vfa02_t150s_d30s,Vfa02,System 6: Full Pipeline (Ours),30,350.1,19.21,8.96,133.23,85.67,71.69,61.9,38.06,False
Vfa02_t185s_d30s,Vfa02,Baseline 1: Raw IMU,30,245.3,14.86,0.02,97.75,71.0,63.64,62.95,39.85,False
Vfa02_t185s_d30s,Vfa02,Baseline 2: Standard EKF,30,245.3,14.86,0.02,155.06,103.22,90.9,85.23,63.21,False
Vfa02_t185s_d30s,Vfa02,Baseline 3: EKF + NHC,30,245.3,14.86,0.02,156.55,103.67,91.15,85.13,63.82,False
Vfa02_t185s_d30s,Vfa02,Baseline 4: EKF + NHC + Map Matching,30,245.3,14.86,0.02,156.61,104.05,92.11,87.12,63.84,False
Vfa02_t185s_d30s,Vfa02,System 5: AI Odom + EKF + NHC,30,245.3,14.86,0.02,247.02,108.43,81.0,46.95,100.7,False
Vfa02_t185s_d30s,Vfa02,System 6: Full Pipeline (Ours),30,245.3,14.86,0.02,65.08,46.76,40.21,36.77,26.53,False
Vfa02_t220s_d30s,Vfa02,Baseline 1: Raw IMU,30,488.5,0.16,24.27,445.23,208.67,157.37,126.69,91.13,False
Vfa02_t220s_d30s,Vfa02,Baseline 2: Standard EKF,30,488.5,0.16,24.27,446.31,208.73,157.43,126.79,91.35,False
Vfa02_t220s_d30s,Vfa02,Baseline 3: EKF + NHC,30,488.5,0.16,24.27,445.66,208.58,157.38,127.02,91.22,False
Vfa02_t220s_d30s,Vfa02,Baseline 4: EKF + NHC + Map Matching,30,488.5,0.16,24.27,447.91,210.1,163.72,127.24,91.68,False
Vfa02_t220s_d30s,Vfa02,System 5: AI Odom + EKF + NHC,30,488.5,0.16,24.27,121.07,52.2,38.37,29.1,24.78,False
Vfa02_t220s_d30s,Vfa02,System 6: Full Pipeline (Ours),30,488.5,0.16,24.27,111.59,47.4,38.67,27.05,22.84,False
Vfa02_t255s_d30s,Vfa02,Baseline 1: Raw IMU,30,688.9,23.71,23.41,44.3,20.18,16.38,14.19,6.43,True
Vfa02_t255s_d30s,Vfa02,Baseline 2: Standard EKF,30,688.9,23.71,23.41,43.52,19.79,16.06,13.95,6.32,True
Vfa02_t255s_d30s,Vfa02,Baseline 3: EKF + NHC,30,688.9,23.71,23.41,43.6,19.83,16.09,13.99,6.33,True
Vfa02_t255s_d30s,Vfa02,Baseline 4: EKF + NHC + Map Matching,30,688.9,23.71,23.41,27.85,12.99,11.06,9.19,4.04,True
Vfa02_t255s_d30s,Vfa02,System 5: AI Odom + EKF + NHC,30,688.9,23.71,23.41,142.24,69.95,55.1,47.31,20.65,False
Vfa02_t255s_d30s,Vfa02,System 6: Full Pipeline (Ours),30,688.9,23.71,23.41,139.86,68.87,54.58,46.46,20.3,False
Vfa02_t10s_d60s,Vfa02,Baseline 1: Raw IMU,60,550.3,0.01,13.35,748.47,378.05,304.57,276.86,136.01,False
Vfa02_t10s_d60s,Vfa02,Baseline 2: Standard EKF,60,550.3,0.01,13.35,749.7,378.54,304.86,277.15,136.24,False
Vfa02_t10s_d60s,Vfa02,Baseline 3: EKF + NHC,60,550.3,0.01,13.35,756.9,381.86,307.36,279.16,137.55,False
Vfa02_t10s_d60s,Vfa02,Baseline 4: EKF + NHC + Map Matching,60,550.3,0.01,13.35,812.7,562.67,554.11,494.45,147.69,False
Vfa02_t10s_d60s,Vfa02,System 5: AI Odom + EKF + NHC,60,550.3,0.01,13.35,1229.97,640.71,516.77,476.24,223.51,False
Vfa02_t10s_d60s,Vfa02,System 6: Full Pipeline (Ours),60,550.3,0.01,13.35,1159.92,712.79,680.49,593.7,210.78,False
Vfa02_t45s_d60s,Vfa02,Baseline 1: Raw IMU,60,828.0,14.31,16.19,622.39,325.48,255.46,224.7,75.16,False
Vfa02_t45s_d60s,Vfa02,Baseline 2: Standard EKF,60,828.0,14.31,16.19,636.0,330.38,258.79,226.43,76.81,False
Vfa02_t45s_d60s,Vfa02,Baseline 3: EKF + NHC,60,828.0,14.31,16.19,633.84,328.8,257.51,225.28,76.55,False
Vfa02_t45s_d60s,Vfa02,Baseline 4: EKF + NHC + Map Matching,60,828.0,14.31,16.19,923.43,523.11,506.73,438.19,111.52,False
Vfa02_t45s_d60s,Vfa02,System 5: AI Odom + EKF + NHC,60,828.0,14.31,16.19,225.85,155.5,134.48,153.16,27.28,False
Vfa02_t45s_d60s,Vfa02,System 6: Full Pipeline (Ours),60,828.0,14.31,16.19,435.97,417.57,417.33,412.99,52.65,False
Vfa02_t80s_d60s,Vfa02,Baseline 1: Raw IMU,60,989.2,13.61,17.31,108.7,55.45,44.6,42.96,10.99,False
Vfa02_t80s_d60s,Vfa02,Baseline 2: Standard EKF,60,989.2,13.61,17.31,110.65,51.71,41.5,39.43,11.19,False
Vfa02_t80s_d60s,Vfa02,Baseline 3: EKF + NHC,60,989.2,13.61,17.31,123.7,51.76,40.88,36.03,12.51,False
Vfa02_t80s_d60s,Vfa02,Baseline 4: EKF + NHC + Map Matching,60,989.2,13.61,17.31,348.57,402.71,402.42,402.65,35.24,False
Vfa02_t80s_d60s,Vfa02,System 5: AI Odom + EKF + NHC,60,989.2,13.61,17.31,119.68,34.18,23.36,12.22,12.1,False
Vfa02_t80s_d60s,Vfa02,System 6: Full Pipeline (Ours),60,989.2,13.61,17.31,385.61,401.02,400.82,401.81,38.98,False
Vfa02_t115s_d60s,Vfa02,Baseline 1: Raw IMU,60,932.6,16.71,8.92,350.86,245.23,196.4,208.17,37.62,False
Vfa02_t115s_d60s,Vfa02,Baseline 2: Standard EKF,60,932.6,16.71,8.92,269.41,231.84,186.75,210.63,28.89,False
Vfa02_t115s_d60s,Vfa02,Baseline 3: EKF + NHC,60,932.6,16.71,8.92,260.82,230.8,185.93,209.26,27.97,False
Vfa02_t115s_d60s,Vfa02,Baseline 4: EKF + NHC + Map Matching,60,932.6,16.71,8.92,33.0,325.58,298.85,315.39,3.54,True
Vfa02_t115s_d60s,Vfa02,System 5: AI Odom + EKF + NHC,60,932.6,16.71,8.92,305.36,187.58,139.18,106.9,32.74,False
Vfa02_t115s_d60s,Vfa02,System 6: Full Pipeline (Ours),60,932.6,16.71,8.92,168.43,293.53,247.07,290.76,18.06,False
Vfa02_t150s_d60s,Vfa02,Baseline 1: Raw IMU,60,656.4,19.21,0.71,138.96,78.8,65.98,66.52,21.17,False
Vfa02_t150s_d60s,Vfa02,Baseline 2: Standard EKF,60,656.4,19.21,0.71,2131.69,1009.53,748.27,568.83,324.77,False
Vfa02_t150s_d60s,Vfa02,Baseline 3: EKF + NHC,60,656.4,19.21,0.71,2094.3,992.24,735.22,558.5,319.07,False
Vfa02_t150s_d60s,Vfa02,Baseline 4: EKF + NHC + Map Matching,60,656.4,19.21,0.71,1758.81,848.87,629.71,438.73,267.96,False
Vfa02_t150s_d60s,Vfa02,System 5: AI Odom + EKF + NHC,60,656.4,19.21,0.71,433.96,192.93,144.38,130.48,66.11,False
Vfa02_t150s_d60s,Vfa02,System 6: Full Pipeline (Ours),60,656.4,19.21,0.71,202.15,119.75,104.22,100.43,30.8,False
Vfa02_t185s_d60s,Vfa02,Baseline 1: Raw IMU,60,611.6,14.86,24.64,380.21,152.73,123.03,96.49,62.17,False
Vfa02_t185s_d60s,Vfa02,Baseline 2: Standard EKF,60,611.6,14.86,24.64,400.99,172.39,148.22,141.15,65.57,False
Vfa02_t185s_d60s,Vfa02,Baseline 3: EKF + NHC,60,611.6,14.86,24.64,405.12,174.56,149.98,143.6,66.24,False
Vfa02_t185s_d60s,Vfa02,Baseline 4: EKF + NHC + Map Matching,60,611.6,14.86,24.64,448.58,183.85,155.58,145.65,73.35,False
Vfa02_t185s_d60s,Vfa02,System 5: AI Odom + EKF + NHC,60,611.6,14.86,24.64,641.58,338.88,267.37,247.79,104.9,False
Vfa02_t185s_d60s,Vfa02,System 6: Full Pipeline (Ours),60,611.6,14.86,24.64,15.72,79.27,66.88,63.35,2.57,True
Vfa02_t220s_d60s,Vfa02,Baseline 1: Raw IMU,60,1180.0,0.16,23.0,1122.76,594.28,474.07,446.44,95.15,False
Vfa02_t220s_d60s,Vfa02,Baseline 2: Standard EKF,60,1180.0,0.16,23.0,1253.41,638.4,502.04,447.56,106.22,False
Vfa02_t220s_d60s,Vfa02,Baseline 3: EKF + NHC,60,1180.0,0.16,23.0,1248.79,636.48,500.74,446.89,105.83,False
Vfa02_t220s_d60s,Vfa02,Baseline 4: EKF + NHC + Map Matching,60,1180.0,0.16,23.0,1241.67,637.94,504.75,449.12,105.22,False
Vfa02_t220s_d60s,Vfa02,System 5: AI Odom + EKF + NHC,60,1180.0,0.16,23.0,302.82,161.94,127.81,121.46,25.66,False
Vfa02_t220s_d60s,Vfa02,System 6: Full Pipeline (Ours),60,1180.0,0.16,23.0,285.2,151.11,120.76,111.97,24.17,False
Vfa02_t255s_d60s,Vfa02,Baseline 1: Raw IMU,60,1420.0,23.71,24.41,229.42,95.98,69.19,44.42,16.16,False
Vfa02_t255s_d60s,Vfa02,Baseline 2: Standard EKF,60,1420.0,23.71,24.41,231.21,96.31,69.13,43.65,16.28,False
Vfa02_t255s_d60s,Vfa02,Baseline 3: EKF + NHC,60,1420.0,23.71,24.41,231.02,96.33,69.18,43.72,16.27,False
Vfa02_t255s_d60s,Vfa02,Baseline 4: EKF + NHC + Map Matching,60,1420.0,23.71,24.41,19.21,17.43,15.7,15.4,1.35,True
Vfa02_t255s_d60s,Vfa02,System 5: AI Odom + EKF + NHC,60,1420.0,23.71,24.41,401.2,198.84,158.19,142.58,28.25,False
Vfa02_t255s_d60s,Vfa02,System 6: Full Pipeline (Ours),60,1420.0,23.71,24.41,376.51,189.61,152.07,140.85,26.51,False
