File,Line,Code,Category,Purpose
scripts/audit_v_speed_occurrences.py,1,"""""""Phase 8: Systematic Audit of all `v_speed` occurrences across the entire repo",EVALUATION ONLY,Post-hoc ground-truth distance & drift metric computation
scripts/audit_v_speed_occurrences.py,16,def audit_v_speed():,EVALUATION ONLY,Post-hoc ground-truth distance & drift metric computation
scripts/audit_v_speed_occurrences.py,29,"if ""v_speed"" in line:",EVALUATION ONLY,Post-hoc ground-truth distance & drift metric computation
scripts/audit_v_speed_occurrences.py,31,# Skip comments or docstrings explaining removal of v_speed,EVALUATION ONLY,Post-hoc ground-truth distance & drift metric computation
scripts/audit_v_speed_occurrences.py,55,"if is_comment or ""NO v_speed"" in line_str or ""motion_vel: Optional"" in line_str:",EVALUATION ONLY,Post-hoc ground-truth distance & drift metric computation
scripts/audit_v_speed_occurrences.py,76,"out_csv = out_dir / ""v_speed_repository_audit.csv""",EVALUATION ONLY,Post-hoc ground-truth distance & drift metric computation
scripts/audit_v_speed_occurrences.py,80,"print(""PHASE 8: AUDIT OF ALL `v_speed` OCCURRENCES IN REPOSITORY"")",EVALUATION ONLY,Post-hoc ground-truth distance & drift metric computation
scripts/audit_v_speed_occurrences.py,90,"print(""[VERIFIED] ZERO runtime occurrences of v_speed in deployment inference!"")",EVALUATION ONLY,Post-hoc ground-truth distance & drift metric computation
scripts/audit_v_speed_occurrences.py,98,audit_v_speed(),EVALUATION ONLY,Post-hoc ground-truth distance & drift metric computation
scripts/diagnose_failure_mode.py,41,"phone_imu, gt_coords, v_speed, t = drive_data.get_synced_data()",EVALUATION ONLY,Post-hoc ground-truth distance & drift metric computation
scripts/diagnose_failure_mode.py,86,v0 = float(v_speed[start_idx]),EVALUATION ONLY,Post-hoc ground-truth distance & drift metric computation
scripts/diagnose_failure_mode.py,89,gt_seg_speed = v_speed[start_idx:end_idx],EVALUATION ONLY,Post-hoc ground-truth distance & drift metric computation
scripts/diagnose_vfa02_and_validation.py,55,"phone_imu, gt_coords, v_speed, t = drive_data.get_synced_data()",EVALUATION ONLY,Post-hoc ground-truth distance & drift metric computation
scripts/diagnose_vfa02_and_validation.py,56,N = len(v_speed),EVALUATION ONLY,Post-hoc ground-truth distance & drift metric computation
scripts/diagnose_vfa02_and_validation.py,67,gt_disp = float(np.sum(v_speed[i - 50:i]) * dt),EVALUATION ONLY,Post-hoc ground-truth distance & drift metric computation
scripts/diagnose_vfa02_and_validation.py,69,gt_speeds.append(float(v_speed[i])),EVALUATION ONLY,Post-hoc ground-truth distance & drift metric computation
scripts/diagnose_vfa02_and_validation.py,126,"phone_imu, gt_coords, v_speed, t = drive_data.get_synced_data()",EVALUATION ONLY,Post-hoc ground-truth distance & drift metric computation
scripts/diagnose_vfa02_and_validation.py,150,"motion_vel=v_speed[100:400],",EVALUATION ONLY,Post-hoc ground-truth distance & drift metric computation
scripts/diagnose_vfa02_and_validation.py,173,seg_speeds = v_speed[start_idx:end_idx],EVALUATION ONLY,Post-hoc ground-truth distance & drift metric computation
scripts/evaluate_ai_odometry.py,115,"phone_imu, gt_coords, v_speed, t = drive.get_synced_data()",EVALUATION ONLY,Post-hoc ground-truth distance & drift metric computation
scripts/evaluate_ai_odometry.py,132,gt_speeds = v_speed[start_step:end_step],EVALUATION ONLY,Post-hoc ground-truth distance & drift metric computation
scripts/evaluate_alignment.py,39,"phone_imu, gt_coords, v_speed, t = drive.get_synced_data()",EVALUATION ONLY,Post-hoc ground-truth distance & drift metric computation
scripts/evaluate_alignment.py,128,dist_travelled = float(np.sum(v_speed[400:700]) * dt),EVALUATION ONLY,Post-hoc ground-truth distance & drift metric computation
scripts/evaluate_hardened_pipeline.py,52,"v_speed: np.ndarray,",EVALUATION ONLY,Post-hoc ground-truth distance & drift metric computation
scripts/evaluate_hardened_pipeline.py,65,seg_speed = v_speed[start_idx:end_idx],EVALUATION ONLY,Post-hoc ground-truth distance & drift metric computation
scripts/evaluate_hardened_pipeline.py,240,"phone_imu, gt_coords, v_speed, t = drive_data.get_synced_data()",EVALUATION ONLY,Post-hoc ground-truth distance & drift metric computation
scripts/evaluate_hardened_pipeline.py,269,"motion_vel=v_speed[100:400],",EVALUATION ONLY,Post-hoc ground-truth distance & drift metric computation
scripts/evaluate_hardened_pipeline.py,288,seg_speeds = v_speed[start_idx:end_idx],EVALUATION ONLY,Post-hoc ground-truth distance & drift metric computation
scripts/evaluate_hardened_pipeline.py,311,"v_speed=v_speed,",EVALUATION ONLY,Post-hoc ground-truth distance & drift metric computation
scripts/evaluate_hardened_pipeline.py,374,"""v_speed"": seg_speeds,",EVALUATION ONLY,Post-hoc ground-truth distance & drift metric computation
scripts/evaluate_hardened_pipeline.py,385,"""v_speed"": seg_speeds,",EVALUATION ONLY,Post-hoc ground-truth distance & drift metric computation
scripts/evaluate_hardened_pipeline.py,516,"dist_ax = np.cumsum(sample_sc[""v_speed""] * sample_sc[""dt""])",EVALUATION ONLY,Post-hoc ground-truth distance & drift metric computation
scripts/evaluate_nhc_mapmatch.py,41,"phone_imu, gt_coords, v_speed, t = drive.get_synced_data()",EVALUATION ONLY,Post-hoc ground-truth distance & drift metric computation
scripts/evaluate_nhc_mapmatch.py,58,dist_travelled = float(np.sum(v_speed[start_step:end_step]) * dt),EVALUATION ONLY,Post-hoc ground-truth distance & drift metric computation
scripts/evaluate_nhc_mapmatch.py,66,ekf_no_nhc.x[3] = v_speed[start_step] * np.cos(0.0),EVALUATION ONLY,Post-hoc ground-truth distance & drift metric computation
scripts/evaluate_nhc_mapmatch.py,67,ekf_no_nhc.x[4] = v_speed[start_step] * np.sin(0.0),EVALUATION ONLY,Post-hoc ground-truth distance & drift metric computation
scripts/evaluate_nhc_mapmatch.py,71,ekf_with_nhc.x[3] = v_speed[start_step] * np.cos(0.0),EVALUATION ONLY,Post-hoc ground-truth distance & drift metric computation
scripts/evaluate_nhc_mapmatch.py,72,ekf_with_nhc.x[4] = v_speed[start_step] * np.sin(0.0),EVALUATION ONLY,Post-hoc ground-truth distance & drift metric computation
scripts/evaluate_nhc_mapmatch.py,89,"ekf_no_nhc.update_velocity(float(v_speed[k]), R_speed=0.5)",EVALUATION ONLY,Post-hoc ground-truth distance & drift metric computation
scripts/evaluate_nhc_mapmatch.py,95,"ekf_with_nhc.update_velocity(float(v_speed[k]), R_speed=0.5)",EVALUATION ONLY,Post-hoc ground-truth distance & drift metric computation
scripts/evaluate_reacquisition.py,28,"phone_imu, gt_coords, v_speed, t = drive.get_synced_data()",EVALUATION ONLY,Post-hoc ground-truth distance & drift metric computation
scripts/evaluate_reacquisition.py,182,"axes[1].plot(t[plot_window], v_speed[plot_window], ""k:"", label=""Vehicle Referenc",EVALUATION ONLY,Post-hoc ground-truth distance & drift metric computation
scripts/evaluate_requirements_1_10.py,57,"v_speed: np.ndarray,",EVALUATION ONLY,Post-hoc ground-truth distance & drift metric computation
scripts/evaluate_requirements_1_10.py,67,seg_speed = v_speed[start_idx:end_idx],EVALUATION ONLY,Post-hoc ground-truth distance & drift metric computation
scripts/evaluate_requirements_1_10.py,232,"phone_imu, gt_coords, v_speed, t = drive.get_synced_data()",EVALUATION ONLY,Post-hoc ground-truth distance & drift metric computation
scripts/evaluate_requirements_1_10.py,260,seg_speeds = v_speed[start_idx:end_idx],EVALUATION ONLY,Post-hoc ground-truth distance & drift metric computation
scripts/evaluate_requirements_1_10.py,274,"v_speed=v_speed,",EVALUATION ONLY,Post-hoc ground-truth distance & drift metric computation
scripts/evaluate_requirements_1_10.py,315,"""v_speed"": seg_speeds.tolist(),",EVALUATION ONLY,Post-hoc ground-truth distance & drift metric computation
scripts/evaluate_synthetic_alignment.py,42,"phone_imu, gt_coords, v_speed, t = drive_data.get_synced_data()",EVALUATION ONLY,Post-hoc ground-truth distance & drift metric computation
scripts/evaluate_synthetic_alignment.py,68,v0 = float(v_speed[start_idx]),EVALUATION ONLY,Post-hoc ground-truth distance & drift metric computation
scripts/evaluate_synthetic_alignment.py,71,gt_seg_speed = v_speed[start_idx:end_idx],EVALUATION ONLY,Post-hoc ground-truth distance & drift metric computation
scripts/evaluate_vfa02_final_test.py,7,- Corrected attitude aligner (0% v_speed),EVALUATION ONLY,Unit test verification or benchmark comparison
scripts/evaluate_vfa02_final_test.py,51,"phone_imu, gt_coords, v_speed, t = drive_data.get_synced_data()",EVALUATION ONLY,Unit test verification or benchmark comparison
scripts/evaluate_vfa02_final_test.py,113,seg_speeds = v_speed[start_idx:end_idx],EVALUATION ONLY,Unit test verification or benchmark comparison
scripts/evaluate_vibration_filter.py,32,"phone_imu, gt_coords, v_speed, t = drive.get_synced_data()",EVALUATION ONLY,Post-hoc ground-truth distance & drift metric computation
scripts/forensic_investigation.py,49,"phone_imu, gt_coords, v_speed, t = drive_data.get_synced_data()",EVALUATION ONLY,Post-hoc ground-truth distance & drift metric computation
scripts/forensic_investigation.py,90,v0 = float(v_speed[start_idx]),EVALUATION ONLY,Post-hoc ground-truth distance & drift metric computation
scripts/forensic_investigation.py,93,gt_seg_speed = v_speed[start_idx:end_idx],EVALUATION ONLY,Post-hoc ground-truth distance & drift metric computation
scripts/forensic_investigation.py,354,v0_wc = float(v_speed[start_idx_wc]),EVALUATION ONLY,Post-hoc ground-truth distance & drift metric computation
scripts/forensic_investigation.py,357,gt_seg_speed_wc = v_speed[start_idx_wc:end_idx_wc],EVALUATION ONLY,Post-hoc ground-truth distance & drift metric computation
scripts/generate_audit_plots.py,62,"v_speed = np.array(sample_traj[""v_speed""])",EVALUATION ONLY,Post-hoc ground-truth distance & drift metric computation
scripts/generate_audit_plots.py,71,dist_cum = np.cumsum(v_speed * 0.1),EVALUATION ONLY,Post-hoc ground-truth distance & drift metric computation
scripts/generate_audit_plots.py,161,"plt.plot(t, v_speed, ""k-"", linewidth=2.2, label=""Ground Truth Vehicle Speed (CAN",EVALUATION ONLY,Post-hoc ground-truth distance & drift metric computation
scripts/run_causal_ablation.py,44,"phone_imu, gt_coords, v_speed, t = drive_data.get_synced_data()",EVALUATION ONLY,Reference speed analysis
scripts/run_causal_ablation.py,70,v0 = float(v_speed[start_idx]),EVALUATION ONLY,Reference speed analysis
scripts/run_causal_ablation.py,73,gt_seg_speed = v_speed[start_idx:end_idx],EVALUATION ONLY,Reference speed analysis
scripts/run_validation_ablation_vfa01.py,51,"phone_imu, gt_coords, v_speed, t = drive_data.get_synced_data()",EVALUATION ONLY,Reference speed analysis
scripts/run_validation_ablation_vfa01.py,107,seg_speeds = v_speed[start_idx:end_idx],EVALUATION ONLY,Reference speed analysis
scripts/test_active_alignment_vfa01.py,5,Configuration B: Old Aligner (assumed phone_imu[:100] was stationary + used v_sp,EVALUATION ONLY,Unit test verification or benchmark comparison
scripts/test_active_alignment_vfa01.py,6,Configuration C: Corrected Aligner (explicit stationarity detection + zero v_spe,EVALUATION ONLY,Unit test verification or benchmark comparison
scripts/test_active_alignment_vfa01.py,47,"phone_imu, gt_coords, v_speed, t = drive_data.get_synced_data()",EVALUATION ONLY,Unit test verification or benchmark comparison
scripts/test_active_alignment_vfa01.py,93,seg_speeds = v_speed[start_idx:end_idx],EVALUATION ONLY,Unit test verification or benchmark comparison
scripts/test_active_alignment_vfa01.py,116,# Configuration B: Old Aligner (assumed 0:100 was stationary + passed v_speed),EVALUATION ONLY,Unit test verification or benchmark comparison
scripts/test_active_alignment_vfa01.py,128,# Used v_speed,EVALUATION ONLY,Unit test verification or benchmark comparison
scripts/test_active_alignment_vfa01.py,129,vel_tail = v_speed[100:400],EVALUATION ONLY,Unit test verification or benchmark comparison
scripts/test_active_alignment_vfa01.py,146,# Scans pre-blackout data with automatic stationarity detector; zero reliance on,EVALUATION ONLY,Unit test verification or benchmark comparison
scripts/test_active_alignment_vfa01.py,178,v0 = float(v_speed[s_idx]),EVALUATION ONLY,Unit test verification or benchmark comparison
scripts/train_high_speed_odom.py,88,"phone_imu, gt_coords, v_speed, t = drive_data = drive.get_synced_data()",TRAINING LABEL,Offline model supervision target
scripts/train_high_speed_odom.py,116,cur_speed = float(np.mean(v_speed[idx - window_size : idx])),TRAINING LABEL,Offline model supervision target
scripts/tune_map_gate_threshold.py,41,"phone_imu, gt_coords, v_speed, t = drive_data.get_synced_data()",EVALUATION ONLY,Post-hoc ground-truth distance & drift metric computation
scripts/tune_map_gate_threshold.py,84,seg_speeds = v_speed[start_idx:end_idx],EVALUATION ONLY,Post-hoc ground-truth distance & drift metric computation
scripts/validate_high_speed_ai.py,45,"phone_imu, gt_coords, v_speed, t = drive.get_synced_data()",EVALUATION ONLY,Reference speed analysis
scripts/validate_high_speed_ai.py,76,avg_spd = float(np.mean(v_speed[start:i])),EVALUATION ONLY,Reference speed analysis
src/idr/calib/alignment.py,10,"- ZERO reliance on ECU speed, vehicle speed, or ground truth (NO v_speed)",AUDITED / REMOVED,Verified 0% runtime usage (backward compatibility signature only; unused)
src/idr/calib/alignment.py,143,- Never uses vehicle speed / ECU speed / ground truth (strictly 0% v_speed).,AUDITED / REMOVED,Verified 0% runtime usage (backward compatibility signature only; unused)
src/idr/eval/blackout.py,257,"phone_imu, gt_coords, v_speed, t = drive.get_synced_data()",EVALUATION ONLY,Post-hoc ground-truth distance & drift metric computation
src/idr/eval/blackout.py,278,mean_speed = float(np.mean(v_speed[start_idx:end_idx])),EVALUATION ONLY,Post-hoc ground-truth distance & drift metric computation
src/idr/eval/blackout.py,334,"""gt_speed_slice"": v_speed[start_idx:end_idx],",EVALUATION ONLY,Post-hoc ground-truth distance & drift metric computation
src/idr/eval/scenarios.py,53,"phone_imu, phone_gps, v_speed, t = drive_data.get_synced_data()",EVALUATION ONLY,Post-hoc ground-truth distance & drift metric computation
src/idr/eval/scenarios.py,68,"""speed"": v_speed,",EVALUATION ONLY,Post-hoc ground-truth distance & drift metric computation
src/idr/io/loader.py,55,"v_speed = self.vehicle_df[""wheel_speed""].to_numpy(dtype=np.float32)[:N]",EVALUATION ONLY,Raw dataset reader providing ground-truth reference array for evaluation
src/idr/io/loader.py,56,if len(v_speed) < N:,EVALUATION ONLY,Raw dataset reader providing ground-truth reference array for evaluation
src/idr/io/loader.py,57,"v_speed = np.pad(v_speed, (0, N - len(v_speed)), mode=""edge"")",EVALUATION ONLY,Raw dataset reader providing ground-truth reference array for evaluation
src/idr/io/loader.py,59,"v_speed = np.zeros(N, dtype=np.float32)",EVALUATION ONLY,Raw dataset reader providing ground-truth reference array for evaluation
src/idr/io/loader.py,62,"return phone_imu, gt_coords, v_speed, t",EVALUATION ONLY,Raw dataset reader providing ground-truth reference array for evaluation
src/idr/io/preprocess.py,134,"phone_imu, gt_gps, v_speed, t = drive.get_synced_data()",EVALUATION ONLY,Preprocessed dataset caching for benchmark runs
src/idr/io/preprocess.py,138,"v_speed,",EVALUATION ONLY,Preprocessed dataset caching for benchmark runs
src/idr/models/train_odom.py,100,"phone_imu, phone_gps, v_speed, t = drive_data.get_synced_data()",TRAINING LABEL,Offline model supervision target
tests/test_remediation.py,55,"imu, gt_coords, v_speed, t = drive.get_synced_data()",EVALUATION ONLY,Unit test verification or benchmark comparison
tests/test_remediation.py,58,assert v_speed.ndim == 1,EVALUATION ONLY,Unit test verification or benchmark comparison
tests/test_remediation.py,60,assert len(imu) == len(v_speed) == len(gt_coords) == len(t),EVALUATION ONLY,Unit test verification or benchmark comparison
tests/test_remediation.py,63,assert 0.0 <= np.max(v_speed) <= 45.0,EVALUATION ONLY,Unit test verification or benchmark comparison
