scenario_id,duration_s,dist_gt_m,pre_map_pos_error_m,post_map_pos_error_m,pre_drift_pct,post_drift_pct,pass_sih_10pct,within_15pct,within_20pct
Vfa02_t30s_d15s,15,183.69,54.08,54.08,29.44,29.44,False,False,False
Vfa02_t50s_d15s,15,169.04,42.28,42.28,25.01,25.01,False,False,False
Vfa02_t70s_d15s,15,200.34,59.53,59.53,29.71,29.71,False,False,False
Vfa02_t90s_d15s,15,248.84,36.15,36.15,14.53,14.53,False,True,True
Vfa02_t110s_d15s,15,264.22,25.44,25.44,9.63,9.63,True,True,True
Vfa02_t130s_d15s,15,260.52,117.65,117.65,45.16,45.16,False,False,False
Vfa02_t150s_d15s,15,223.91,94.94,102.6,42.4,45.82,False,False,False
Vfa02_t170s_d15s,15,144.78,227.7,227.7,157.27,157.27,False,False,False
Vfa02_t10s_d30s,30,175.49,386.48,386.48,220.22,220.22,False,False,False
Vfa02_t30s_d30s,30,361.13,164.69,164.69,45.6,45.6,False,False,False
Vfa02_t50s_d30s,30,367.07,157.85,157.85,43.0,43.0,False,False,False
Vfa02_t70s_d30s,30,437.28,128.34,128.34,29.35,29.35,False,False,False
Vfa02_t90s_d30s,30,499.71,109.7,109.7,21.95,21.95,False,False,False
Vfa02_t110s_d30s,30,518.7,103.37,103.37,19.93,19.93,False,False,True
Vfa02_t130s_d30s,30,531.54,347.93,347.93,65.46,65.46,False,False,False
Vfa02_t150s_d30s,30,350.08,301.88,301.88,86.23,86.23,False,False,False
Vfa02_t10s_d60s,60,550.29,1094.31,1094.31,198.86,198.86,False,False,False
Vfa02_t30s_d60s,60,762.89,408.26,408.26,53.51,53.51,False,False,False
Vfa02_t50s_d60s,60,837.57,297.3,297.3,35.5,35.5,False,False,False
Vfa02_t70s_d60s,60,953.71,211.72,211.72,22.2,22.2,False,False,False
Vfa02_t90s_d60s,60,1036.91,438.74,438.74,42.31,42.31,False,False,False
Vfa02_t110s_d60s,60,974.64,486.61,486.61,49.93,49.93,False,False,False
Vfa02_t130s_d60s,60,832.92,584.44,584.44,70.17,70.17,False,False,False
Vfa02_t150s_d60s,60,656.37,395.47,395.47,60.25,60.25,False,False,False
