scenario_id,duration_s,distance_m,init_speed_mps,final_speed_mps,ai_speed_mae_mps,mean_heading_err_deg,max_heading_err_deg,mean_nhc_inno_mps,mean_nhc_cov_mps,pre_map_err_m,post_map_err_m,along_track_err_m,cross_track_err_m,pre_drift_pct,post_drift_pct,map_impact,map_diff_m,failure_modes
Vfa02_t30s_d15s,15,183.7,9.16,14.23,4.24,6.64,13.24,0.003,0.628,31.38,415.92,71.74,409.69,17.08,226.43,WORSENS_ERROR,384.54,"['speed_scale_failure', 'map_matcher_failure', 'parallel_road_confusion']"
Vfa02_t50s_d15s,15,169.0,13.26,13.18,5.4,0.89,3.06,0.003,0.594,40.7,392.44,51.5,389.04,24.08,232.16,WORSENS_ERROR,351.74,"['speed_scale_failure', 'map_matcher_failure', 'parallel_road_confusion']"
Vfa02_t70s_d15s,15,200.3,13.22,13.85,3.57,5.44,10.92,0.001,0.558,26.5,388.65,8.55,388.55,13.23,193.99,WORSENS_ERROR,362.15,"['map_matcher_failure', 'parallel_road_confusion']"
Vfa02_t90s_d15s,15,248.8,15.02,16.19,0.56,7.36,13.06,0.003,0.959,32.52,402.82,32.29,401.52,13.07,161.88,WORSENS_ERROR,370.3,"['map_matcher_failure', 'parallel_road_confusion']"
Vfa02_t110s_d15s,15,264.2,16.96,18.74,1.2,4.12,7.48,0.003,0.866,26.5,418.76,20.22,418.27,10.03,158.49,WORSENS_ERROR,392.27,"['map_matcher_failure', 'parallel_road_confusion']"
Vfa02_t130s_d15s,15,260.5,16.62,19.6,1.08,25.15,46.37,0.003,0.756,112.43,291.75,291.62,8.62,43.16,111.99,WORSENS_ERROR,179.32,"['heading_drift', 'straight_road_odometry_failure', 'map_matcher_failure']"
Vfa02_t150s_d15s,15,223.9,19.21,8.32,4.36,7.89,28.92,0.002,0.907,101.82,82.88,82.16,10.87,45.47,37.01,FIXES_ERROR,-18.94,['speed_scale_failure']
Vfa02_t170s_d15s,15,144.8,8.32,14.77,6.81,109.15,179.52,0.002,0.428,250.64,53.25,43.8,30.29,173.12,36.78,FIXES_ERROR,-197.39,"['heading_drift', 'speed_scale_failure', 'sharp_turn_failure']"
Vfa02_t10s_d30s,30,175.5,0.01,13.28,10.82,112.24,179.7,0.003,0.544,391.5,546.11,240.84,490.14,223.09,311.19,WORSENS_ERROR,154.61,"['heading_drift', 'speed_scale_failure', 'straight_road_odometry_failure', 'map_matcher_failure', 'parallel_road_confusion', 'sharp_turn_failure']"
Vfa02_t30s_d30s,30,361.1,9.16,11.83,4.63,5.99,13.24,0.002,0.615,107.24,404.54,111.93,388.75,29.7,112.02,WORSENS_ERROR,297.3,"['speed_scale_failure', 'straight_road_odometry_failure', 'map_matcher_failure', 'parallel_road_confusion']"
Vfa02_t50s_d30s,30,367.1,13.26,13.58,4.33,2.43,9.69,0.002,0.637,83.43,395.61,78.78,387.69,22.73,107.78,WORSENS_ERROR,312.18,"['speed_scale_failure', 'map_matcher_failure', 'parallel_road_confusion']"
Vfa02_t70s_d30s,30,437.3,13.22,16.9,2.29,5.79,12.59,0.003,0.806,51.36,399.41,2.23,399.41,11.74,91.34,WORSENS_ERROR,348.05,"['map_matcher_failure', 'parallel_road_confusion']"
Vfa02_t90s_d30s,30,499.7,15.02,17.89,0.58,8.83,15.4,0.003,0.882,77.14,414.84,58.2,410.74,15.44,83.02,WORSENS_ERROR,337.71,"['map_matcher_failure', 'parallel_road_confusion']"
Vfa02_t110s_d30s,30,518.7,16.96,17.31,0.97,10.93,47.21,0.003,0.709,97.68,347.17,230.06,260.0,18.83,66.93,WORSENS_ERROR,249.49,"['heading_drift', 'straight_road_odometry_failure', 'map_matcher_failure', 'parallel_road_confusion']"
Vfa02_t130s_d30s,30,531.5,16.62,10.95,2.13,36.71,64.76,0.003,0.837,333.05,52.43,35.89,38.23,62.66,9.86,FIXES_ERROR,-280.62,"['heading_drift', 'sharp_turn_failure']"
Vfa02_t150s_d30s,30,350.1,19.21,8.96,6.16,53.66,179.58,0.002,0.931,368.19,171.3,161.26,57.79,105.17,48.93,FIXES_ERROR,-196.89,"['heading_drift', 'speed_scale_failure', 'straight_road_odometry_failure']"
Vfa02_t10s_d60s,60,550.3,0.01,13.35,7.43,108.63,179.7,0.003,0.705,1059.44,999.22,843.88,535.07,192.53,181.58,FIXES_ERROR,-60.22,"['heading_drift', 'speed_scale_failure', 'straight_road_odometry_failure', 'sharp_turn_failure']"
Vfa02_t30s_d60s,60,762.9,9.16,15.05,3.92,8.23,19.0,0.002,0.69,226.27,430.69,165.21,397.74,29.66,56.45,WORSENS_ERROR,204.42,"['straight_road_odometry_failure', 'map_matcher_failure', 'parallel_road_confusion']"
Vfa02_t50s_d60s,60,837.6,13.26,16.78,2.81,5.18,14.05,0.003,0.812,140.04,419.53,79.19,411.99,16.72,50.09,WORSENS_ERROR,279.49,"['map_matcher_failure', 'parallel_road_confusion']"
Vfa02_t70s_d60s,60,953.7,13.22,16.63,1.65,6.99,12.68,0.003,0.83,114.91,414.65,39.7,412.75,12.05,43.48,WORSENS_ERROR,299.75,"['map_matcher_failure', 'parallel_road_confusion']"
Vfa02_t90s_d60s,60,1036.9,15.02,19.24,1.1,21.81,67.81,0.003,0.826,376.47,196.29,196.04,9.89,36.31,18.93,FIXES_ERROR,-180.18,"['heading_drift', 'straight_road_odometry_failure']"
Vfa02_t110s_d60s,60,974.6,16.96,8.36,2.61,32.21,87.92,0.003,0.876,483.58,7.8,7.15,3.12,49.62,0.8,FIXES_ERROR,-475.77,"['heading_drift', 'sharp_turn_failure']"
Vfa02_t130s_d60s,60,832.9,16.62,10.43,4.18,56.49,179.78,0.003,0.87,652.59,499.65,28.96,498.81,78.35,59.99,FIXES_ERROR,-152.93,"['heading_drift', 'speed_scale_failure', 'sharp_turn_failure']"
Vfa02_t150s_d60s,60,656.4,19.21,0.71,6.19,47.21,179.58,0.002,0.569,605.21,275.69,240.88,134.1,92.21,42.0,FIXES_ERROR,-329.52,"['heading_drift', 'speed_scale_failure', 'straight_road_odometry_failure']"
