scenario_id,duration_s,dist_gt_m,road_type,corridor_type,total_turn_deg,b_w_init_deg_s,b_w_final_deg_s,heading_rmse_deg,final_heading_err_deg,baseline_drift_pct,baseline_pos_err_m,hardened_drift_pct,hardened_pos_err_m,along_track_err_m,cross_track_err_m,pass_sih_10pct
Vfa02_t30s_d15s,15,183.69,straight,unmapped,9.61,0.0,-0.107,7.71,4.1,29.44,54.08,29.44,54.08,49.78,21.12,False
Vfa02_t50s_d15s,15,169.04,straight,unmapped,2.58,-0.313,-0.325,2.11,4.4,25.01,42.28,25.17,42.55,42.12,5.99,False
Vfa02_t70s_d15s,15,200.34,straight,unmapped,0.86,-1.434,-1.371,4.97,8.45,29.71,59.53,29.13,58.36,55.09,19.25,False
Vfa02_t90s_d15s,15,248.84,straight,unmapped,0.17,-1.609,-1.614,7.43,17.94,14.53,36.15,10.41,25.9,13.78,21.93,False
Vfa02_t110s_d15s,15,264.22,straight,unmapped,1.22,0.81,0.804,11.07,18.41,9.63,25.44,18.67,49.33,12.51,47.72,False
Vfa02_t130s_d15s,15,260.52,moderate_maneuver,unmapped,38.18,-1.254,-1.233,19.57,22.99,45.16,117.65,28.28,73.68,19.94,70.93,False
Vfa02_t150s_d15s,15,223.91,moderate_maneuver,unmapped,22.64,-0.432,-0.615,10.77,34.44,45.82,102.6,40.89,91.55,71.78,56.82,False
Vfa02_t170s_d15s,15,144.78,complex_turn,unmapped,129.95,0.0,-0.031,118.93,132.23,157.27,227.7,157.27,227.7,154.9,166.89,False
Vfa02_t10s_d30s,30,175.49,complex_turn,unmapped,126.45,0.0,-1.359,136.16,146.52,220.22,386.48,232.79,408.54,384.53,137.97,False
Vfa02_t30s_d30s,30,361.13,straight,unmapped,10.57,0.0,-0.105,6.54,6.05,45.6,164.69,45.6,164.69,158.68,44.1,False
Vfa02_t50s_d30s,30,367.07,straight,unmapped,2.11,-0.313,-0.335,2.48,0.83,43.0,157.85,43.04,158.0,157.18,16.01,False
Vfa02_t70s_d30s,30,437.28,straight,unmapped,0.83,-1.434,-1.466,17.77,34.86,29.35,128.34,40.29,176.18,89.83,151.56,False
Vfa02_t90s_d30s,30,499.71,straight,unmapped,2.12,-1.609,-1.588,18.89,36.16,21.95,109.7,31.5,157.4,37.11,152.96,False
Vfa02_t110s_d30s,30,518.7,moderate_maneuver,unmapped,37.02,0.81,0.76,28.67,69.96,19.93,103.37,38.3,198.64,113.4,163.09,False
Vfa02_t130s_d30s,30,531.54,complex_turn,unmapped,52.49,-1.254,-1.4,19.46,20.21,65.46,347.93,25.98,138.11,69.79,119.18,False
Vfa02_t150s_d30s,30,350.08,straight,unmapped,8.84,-0.432,-0.776,75.58,14.17,86.23,301.88,87.04,304.71,300.43,50.87,False
Vfa02_t10s_d60s,60,550.29,complex_turn,unmapped,129.6,0.0,-1.407,151.92,171.42,198.86,1094.31,243.05,1337.48,1322.83,197.46,False
Vfa02_t30s_d60s,60,762.89,straight,unmapped,10.3,0.0,-0.121,8.55,4.27,53.51,408.26,53.51,408.26,380.31,148.46,False
Vfa02_t50s_d60s,60,837.57,straight,unmapped,4.3,-0.313,-0.349,4.9,9.73,35.5,297.3,34.54,289.32,279.87,73.36,False
Vfa02_t70s_d60s,60,953.71,straight,unmapped,2.05,-1.434,-1.606,44.04,78.53,22.2,211.72,72.3,689.58,109.98,680.75,False
Vfa02_t90s_d60s,60,1036.91,moderate_maneuver,unmapped,40.67,-1.609,-1.595,29.03,30.43,42.31,438.74,43.84,454.59,193.8,411.21,False
Vfa02_t110s_d60s,60,974.64,complex_turn,unmapped,90.19,0.81,1.007,65.65,19.35,49.93,486.61,82.48,803.87,798.4,93.65,False
Vfa02_t130s_d60s,60,832.92,complex_turn,unmapped,62.19,-1.254,-1.564,56.73,11.32,70.17,584.44,10.56,87.99,68.4,55.34,False
Vfa02_t150s_d60s,60,656.37,moderate_maneuver,unmapped,31.41,-0.432,-0.063,76.67,61.82,60.25,395.47,57.76,379.13,82.01,370.15,False
