scenario_id,drive_id,configuration,blackout_duration,blackout_distance,final_error,RMSE,CEP50,drift_percentage,max_error,passed_10_percent
Vfa01_t5_d15s,Vfa01,Config A: Raw IMU Baseline,15,233.82,208.29,80.68,20.38,89.08,182.35,False
Vfa01_t5_d15s,Vfa01,Config B: EKF + AI Velocity + NHC,15,233.82,24.56,10.95,6.29,10.5,23.23,False
Vfa01_t5_d15s,Vfa01,Config C: EKF + AI Velocity + NHC + OSM HMM,15,233.82,30.49,13.37,3.86,13.04,28.24,False
Vfa01_t50_d15s,Vfa01,Config A: Raw IMU Baseline,15,294.26,81.8,33.23,12.69,27.8,72.4,False
Vfa01_t50_d15s,Vfa01,Config B: EKF + AI Velocity + NHC,15,294.26,146.04,63.24,30.75,49.63,131.06,False
Vfa01_t50_d15s,Vfa01,Config C: EKF + AI Velocity + NHC + OSM HMM,15,294.26,108.75,53.87,6.85,36.96,106.96,False
Vfa01_t95_d15s,Vfa01,Config A: Raw IMU Baseline,15,284.1,383.18,178.0,101.23,134.87,350.41,False
Vfa01_t95_d15s,Vfa01,Config B: EKF + AI Velocity + NHC,15,284.1,51.92,17.04,11.34,18.27,39.42,False
Vfa01_t95_d15s,Vfa01,Config C: EKF + AI Velocity + NHC + OSM HMM,15,284.1,27.21,10.73,8.71,9.58,23.61,True
Vfa01_t185_d15s,Vfa01,Config A: Raw IMU Baseline,15,341.22,70.51,38.13,27.66,20.66,66.19,False
Vfa01_t185_d15s,Vfa01,Config B: EKF + AI Velocity + NHC,15,341.22,166.5,82.37,55.61,48.8,154.21,False
Vfa01_t185_d15s,Vfa01,Config C: EKF + AI Velocity + NHC + OSM HMM,15,341.22,54.12,28.67,20.53,15.86,50.45,False
Vfa01_t230_d15s,Vfa01,Config A: Raw IMU Baseline,15,291.36,63.83,29.63,21.9,21.91,56.65,False
Vfa01_t230_d15s,Vfa01,Config B: EKF + AI Velocity + NHC,15,291.36,32.67,16.1,15.44,11.21,27.99,False
Vfa01_t230_d15s,Vfa01,Config C: EKF + AI Velocity + NHC + OSM HMM,15,291.36,33.07,11.36,2.66,11.35,27.54,False
Vfa01_t320_d15s,Vfa01,Config A: Raw IMU Baseline,15,308.15,81.54,37.45,24.82,26.46,73.49,False
Vfa01_t320_d15s,Vfa01,Config B: EKF + AI Velocity + NHC,15,308.15,148.55,66.41,33.6,48.21,134.33,False
Vfa01_t320_d15s,Vfa01,Config C: EKF + AI Velocity + NHC + OSM HMM,15,308.15,105.03,31.12,12.84,34.08,105.72,False
Vfa01_t365_d15s,Vfa01,Config A: Raw IMU Baseline,15,340.63,107.99,41.96,13.22,31.7,93.77,False
Vfa01_t365_d15s,Vfa01,Config B: EKF + AI Velocity + NHC,15,340.63,215.8,97.1,51.9,63.35,195.4,False
Vfa01_t365_d15s,Vfa01,Config C: EKF + AI Velocity + NHC + OSM HMM,15,340.63,97.2,40.51,9.54,28.54,87.26,False
Vfa01_t455_d15s,Vfa01,Config A: Raw IMU Baseline,15,362.64,124.49,60.7,39.79,34.33,114.84,False
Vfa01_t455_d15s,Vfa01,Config B: EKF + AI Velocity + NHC,15,362.64,53.16,21.12,8.17,14.66,46.08,False
Vfa01_t455_d15s,Vfa01,Config C: EKF + AI Velocity + NHC + OSM HMM,15,362.64,10.6,5.27,4.19,2.92,9.64,True
Vfa01_t500_d15s,Vfa01,Config A: Raw IMU Baseline,15,183.52,37.11,22.01,18.26,20.22,36.39,False
Vfa01_t500_d15s,Vfa01,Config B: EKF + AI Velocity + NHC,15,183.52,25.49,16.07,16.67,13.89,23.68,False
Vfa01_t500_d15s,Vfa01,Config C: EKF + AI Velocity + NHC + OSM HMM,15,183.52,19.54,14.58,14.9,10.65,19.32,False
Vfa01_t635_d15s,Vfa01,Config A: Raw IMU Baseline,15,390.03,72.74,26.48,8.23,18.65,62.01,False
Vfa01_t635_d15s,Vfa01,Config B: EKF + AI Velocity + NHC,15,390.03,223.72,101.4,50.31,57.36,203.84,False
Vfa01_t635_d15s,Vfa01,Config C: EKF + AI Velocity + NHC + OSM HMM,15,390.03,61.84,31.82,6.75,15.86,65.92,False
Vfa01_t680_d15s,Vfa01,Config A: Raw IMU Baseline,15,370.74,94.68,40.52,17.92,25.54,85.01,False
Vfa01_t680_d15s,Vfa01,Config B: EKF + AI Velocity + NHC,15,370.74,426.77,206.91,130.45,115.11,394.97,False
Vfa01_t680_d15s,Vfa01,Config C: EKF + AI Velocity + NHC + OSM HMM,15,370.74,364.12,152.25,68.2,98.21,319.08,False
Vfa01_t770_d15s,Vfa01,Config A: Raw IMU Baseline,15,217.9,46.52,26.35,21.02,21.35,44.58,False
Vfa01_t770_d15s,Vfa01,Config B: EKF + AI Velocity + NHC,15,217.9,24.93,16.96,15.47,11.44,25.07,False
Vfa01_t770_d15s,Vfa01,Config C: EKF + AI Velocity + NHC + OSM HMM,15,217.9,21.4,14.37,13.26,9.82,21.36,True
Vfa01_t815_d15s,Vfa01,Config A: Raw IMU Baseline,15,98.5,21.36,10.26,8.21,21.68,19.63,False
Vfa01_t815_d15s,Vfa01,Config B: EKF + AI Velocity + NHC,15,98.5,170.82,80.04,42.76,173.43,157.42,False
Vfa01_t815_d15s,Vfa01,Config C: EKF + AI Velocity + NHC + OSM HMM,15,98.5,166.83,77.74,40.12,169.38,153.66,False
Vfa01_t905_d15s,Vfa01,Config A: Raw IMU Baseline,15,240.58,67.25,44.04,42.06,27.95,66.5,False
Vfa01_t905_d15s,Vfa01,Config B: EKF + AI Velocity + NHC,15,240.58,194.62,89.42,50.23,80.89,177.34,False
Vfa01_t905_d15s,Vfa01,Config C: EKF + AI Velocity + NHC + OSM HMM,15,240.58,748.77,635.97,632.1,311.23,738.56,False
Vfa01_t950_d15s,Vfa01,Config A: Raw IMU Baseline,15,152.88,83.5,49.68,47.59,54.62,79.18,False
Vfa01_t950_d15s,Vfa01,Config B: EKF + AI Velocity + NHC,15,152.88,134.14,69.14,53.88,87.74,124.12,False
Vfa01_t950_d15s,Vfa01,Config C: EKF + AI Velocity + NHC + OSM HMM,15,152.88,360.81,419.98,421.89,236.01,468.89,False
Vfa01_t1085_d15s,Vfa01,Config A: Raw IMU Baseline,15,151.03,153.64,74.14,43.51,101.73,142.4,False
Vfa01_t1085_d15s,Vfa01,Config B: EKF + AI Velocity + NHC,15,151.03,134.35,65.64,45.84,88.95,123.38,False
Vfa01_t1085_d15s,Vfa01,Config C: EKF + AI Velocity + NHC + OSM HMM,15,151.03,113.08,55.33,19.2,74.87,107.74,False
Vfa01_t1130_d15s,Vfa01,Config A: Raw IMU Baseline,15,53.63,90.9,40.12,16.0,169.49,82.3,False
Vfa01_t1130_d15s,Vfa01,Config B: EKF + AI Velocity + NHC,15,53.63,259.71,155.13,141.35,484.23,246.89,False
Vfa01_t1130_d15s,Vfa01,Config C: EKF + AI Velocity + NHC + OSM HMM,15,53.63,180.01,87.04,74.6,335.62,159.39,False
Vfa01_t5_d30s,Vfa01,Config A: Raw IMU Baseline,30,499.73,934.49,409.08,210.03,187.0,838.62,False
Vfa01_t5_d30s,Vfa01,Config B: EKF + AI Velocity + NHC,30,499.73,208.11,81.47,24.59,41.64,183.35,False
Vfa01_t5_d30s,Vfa01,Config C: EKF + AI Velocity + NHC + OSM HMM,30,499.73,106.05,52.08,31.67,21.22,104.08,False
Vfa01_t95_d30s,Vfa01,Config A: Raw IMU Baseline,30,568.59,1304.9,604.21,385.39,229.5,1180.6,False
Vfa01_t95_d30s,Vfa01,Config B: EKF + AI Velocity + NHC,30,568.59,355.82,149.8,52.8,62.58,313.05,False
Vfa01_t95_d30s,Vfa01,Config C: EKF + AI Velocity + NHC + OSM HMM,30,568.59,81.58,41.3,22.21,14.35,81.13,False
Vfa01_t140_d30s,Vfa01,Config A: Raw IMU Baseline,30,600.41,216.08,127.87,111.0,35.99,210.92,False
Vfa01_t140_d30s,Vfa01,Config B: EKF + AI Velocity + NHC,30,600.41,291.91,113.86,42.45,48.62,250.83,False
Vfa01_t140_d30s,Vfa01,Config C: EKF + AI Velocity + NHC + OSM HMM,30,600.41,136.95,51.48,32.75,22.81,115.94,False
Vfa01_t230_d30s,Vfa01,Config A: Raw IMU Baseline,30,501.4,273.87,122.34,64.34,54.62,246.37,False
Vfa01_t230_d30s,Vfa01,Config B: EKF + AI Velocity + NHC,30,501.4,186.79,80.19,33.01,37.25,167.78,False
Vfa01_t230_d30s,Vfa01,Config C: EKF + AI Velocity + NHC + OSM HMM,30,501.4,154.67,71.09,33.45,30.85,143.16,False
Vfa01_t275_d30s,Vfa01,Config A: Raw IMU Baseline,30,604.74,171.74,85.28,53.79,28.4,160.35,False
Vfa01_t275_d30s,Vfa01,Config B: EKF + AI Velocity + NHC,30,604.74,514.05,235.18,129.49,85.0,468.41,False
Vfa01_t275_d30s,Vfa01,Config C: EKF + AI Velocity + NHC + OSM HMM,30,604.74,260.06,113.0,55.46,43.0,233.71,False
Vfa01_t365_d30s,Vfa01,Config A: Raw IMU Baseline,30,678.68,540.28,237.63,108.98,79.61,489.39,False
Vfa01_t365_d30s,Vfa01,Config B: EKF + AI Velocity + NHC,30,678.68,648.04,331.73,217.16,95.48,610.5,False
Vfa01_t365_d30s,Vfa01,Config C: EKF + AI Velocity + NHC + OSM HMM,30,678.68,1092.25,303.46,97.86,160.94,1077.24,False
Vfa01_t410_d30s,Vfa01,Config A: Raw IMU Baseline,30,647.39,180.26,100.62,74.18,27.84,174.05,False
Vfa01_t410_d30s,Vfa01,Config B: EKF + AI Velocity + NHC,30,647.39,182.9,93.27,63.05,28.25,172.76,False
Vfa01_t410_d30s,Vfa01,Config C: EKF + AI Velocity + NHC + OSM HMM,30,647.39,50.12,16.35,4.7,7.74,41.11,True
Vfa01_t500_d30s,Vfa01,Config A: Raw IMU Baseline,30,311.34,74.02,33.99,34.37,23.77,59.18,False
Vfa01_t500_d30s,Vfa01,Config B: EKF + AI Velocity + NHC,30,311.34,148.5,58.57,25.63,47.7,129.15,False
Vfa01_t500_d30s,Vfa01,Config C: EKF + AI Velocity + NHC + OSM HMM,30,311.34,178.37,78.28,18.3,57.29,165.06,False
Vfa01_t545_d30s,Vfa01,Config A: Raw IMU Baseline,30,218.15,296.37,120.77,40.2,135.85,268.74,False
Vfa01_t545_d30s,Vfa01,Config B: EKF + AI Velocity + NHC,30,218.15,680.7,361.59,276.0,312.03,635.9,False
Vfa01_t545_d30s,Vfa01,Config C: EKF + AI Velocity + NHC + OSM HMM,30,218.15,735.83,403.61,99.52,337.3,711.32,False
Vfa01_t635_d30s,Vfa01,Config A: Raw IMU Baseline,30,766.81,271.74,130.79,73.46,35.44,249.25,False
Vfa01_t635_d30s,Vfa01,Config B: EKF + AI Velocity + NHC,30,766.81,659.68,321.5,225.06,86.03,602.79,False
Vfa01_t635_d30s,Vfa01,Config C: EKF + AI Velocity + NHC + OSM HMM,30,766.81,118.9,65.31,59.59,15.51,110.35,False
Vfa01_t680_d30s,Vfa01,Config A: Raw IMU Baseline,30,696.84,294.56,153.04,95.35,42.27,284.76,False
Vfa01_t680_d30s,Vfa01,Config B: EKF + AI Velocity + NHC,30,696.84,737.75,488.94,428.88,105.87,742.76,False
Vfa01_t680_d30s,Vfa01,Config C: EKF + AI Velocity + NHC + OSM HMM,30,696.84,737.97,510.05,366.58,105.9,754.34,False
Vfa01_t770_d30s,Vfa01,Config A: Raw IMU Baseline,30,520.12,134.64,59.65,46.71,25.89,115.85,False
Vfa01_t770_d30s,Vfa01,Config B: EKF + AI Velocity + NHC,30,520.12,79.41,30.0,22.74,15.27,65.13,False
Vfa01_t770_d30s,Vfa01,Config C: EKF + AI Velocity + NHC + OSM HMM,30,520.12,42.46,17.11,15.16,8.16,32.17,True
Vfa01_t815_d30s,Vfa01,Config A: Raw IMU Baseline,30,176.29,143.69,46.06,21.47,81.51,110.2,False
Vfa01_t815_d30s,Vfa01,Config B: EKF + AI Velocity + NHC,30,176.29,368.68,217.46,171.72,209.14,360.96,False
Vfa01_t815_d30s,Vfa01,Config C: EKF + AI Velocity + NHC + OSM HMM,30,176.29,336.6,210.18,168.5,190.94,336.69,False
Vfa01_t905_d30s,Vfa01,Config A: Raw IMU Baseline,30,386.15,33.97,51.78,55.12,8.8,68.19,True
Vfa01_t905_d30s,Vfa01,Config B: EKF + AI Velocity + NHC,30,386.15,421.92,250.67,195.78,109.27,418.75,False
Vfa01_t905_d30s,Vfa01,Config C: EKF + AI Velocity + NHC + OSM HMM,30,386.15,875.48,735.26,749.43,226.72,866.71,False
Vfa01_t950_d30s,Vfa01,Config A: Raw IMU Baseline,30,341.35,168.44,98.51,83.81,49.35,160.81,False
Vfa01_t950_d30s,Vfa01,Config B: EKF + AI Velocity + NHC,30,341.35,348.4,178.21,134.81,102.07,319.76,False
Vfa01_t950_d30s,Vfa01,Config C: EKF + AI Velocity + NHC + OSM HMM,30,341.35,350.06,383.95,360.57,102.55,462.27,False
Vfa01_t1085_d30s,Vfa01,Config A: Raw IMU Baseline,30,338.44,347.34,201.47,154.39,102.63,344.22,False
Vfa01_t1085_d30s,Vfa01,Config B: EKF + AI Velocity + NHC,30,338.44,439.41,209.78,135.1,129.83,404.37,False
Vfa01_t1085_d30s,Vfa01,Config C: EKF + AI Velocity + NHC + OSM HMM,30,338.44,352.45,119.56,110.94,104.14,179.85,False
Vfa01_t5_d60s,Vfa01,Config A: Raw IMU Baseline,60,1101.75,4018.78,1766.31,937.78,364.76,3615.45,False
Vfa01_t5_d60s,Vfa01,Config B: EKF + AI Velocity + NHC,60,1101.75,1014.21,441.91,209.0,92.05,912.81,False
Vfa01_t5_d60s,Vfa01,Config C: EKF + AI Velocity + NHC + OSM HMM,60,1101.75,265.58,148.18,105.12,24.11,279.8,False
Vfa01_t50_d60s,Vfa01,Config A: Raw IMU Baseline,60,1148.04,1353.43,623.06,353.01,117.89,1233.08,False
Vfa01_t50_d60s,Vfa01,Config B: EKF + AI Velocity + NHC,60,1148.04,1384.74,715.24,507.96,120.62,1285.7,False
Vfa01_t50_d60s,Vfa01,Config C: EKF + AI Velocity + NHC + OSM HMM,60,1148.04,1078.52,595.44,512.15,93.94,1027.34,False
Vfa01_t140_d60s,Vfa01,Config A: Raw IMU Baseline,60,1307.27,152.75,165.6,170.44,11.68,222.36,False
Vfa01_t140_d60s,Vfa01,Config B: EKF + AI Velocity + NHC,60,1307.27,1357.49,617.8,293.34,103.84,1248.14,False
Vfa01_t140_d60s,Vfa01,Config C: EKF + AI Velocity + NHC + OSM HMM,60,1307.27,842.98,368.93,137.69,64.48,762.2,False
Vfa01_t185_d60s,Vfa01,Config A: Raw IMU Baseline,60,1303.46,1319.06,610.87,324.97,101.2,1215.7,False
Vfa01_t185_d60s,Vfa01,Config B: EKF + AI Velocity + NHC,60,1303.46,1592.64,800.15,488.74,122.19,1508.58,False
Vfa01_t185_d60s,Vfa01,Config C: EKF + AI Velocity + NHC + OSM HMM,60,1303.46,1465.5,643.75,176.18,112.43,1359.73,False
Vfa01_t275_d60s,Vfa01,Config A: Raw IMU Baseline,60,1232.36,473.56,243.66,172.12,38.43,448.07,False
Vfa01_t275_d60s,Vfa01,Config B: EKF + AI Velocity + NHC,60,1232.36,1509.1,769.03,515.61,122.46,1419.19,False
Vfa01_t275_d60s,Vfa01,Config C: EKF + AI Velocity + NHC + OSM HMM,60,1232.36,922.24,445.42,260.97,74.84,864.4,False
Vfa01_t320_d60s,Vfa01,Config A: Raw IMU Baseline,60,1364.81,1471.59,712.17,383.83,107.82,1381.13,False
Vfa01_t320_d60s,Vfa01,Config B: EKF + AI Velocity + NHC,60,1364.81,1145.37,706.42,541.81,83.92,1137.14,False
Vfa01_t320_d60s,Vfa01,Config C: EKF + AI Velocity + NHC + OSM HMM,60,1364.81,1375.28,701.71,323.76,100.77,1340.3,False
Vfa01_t410_d60s,Vfa01,Config A: Raw IMU Baseline,60,1411.4,469.23,194.92,180.53,33.25,382.01,False
Vfa01_t410_d60s,Vfa01,Config B: EKF + AI Velocity + NHC,60,1411.4,211.15,177.0,183.15,14.96,256.61,False
Vfa01_t410_d60s,Vfa01,Config C: EKF + AI Velocity + NHC + OSM HMM,60,1411.4,373.71,148.03,50.34,26.48,326.91,False
Vfa01_t455_d60s,Vfa01,Config A: Raw IMU Baseline,60,967.28,1600.42,691.29,370.26,165.46,1430.08,False
Vfa01_t455_d60s,Vfa01,Config B: EKF + AI Velocity + NHC,60,967.28,1077.79,508.76,323.5,111.42,991.75,False
Vfa01_t455_d60s,Vfa01,Config C: EKF + AI Velocity + NHC + OSM HMM,60,967.28,984.86,453.25,261.52,101.82,895.06,False
Vfa01_t545_d60s,Vfa01,Config A: Raw IMU Baseline,60,769.06,525.15,319.62,297.2,68.28,507.88,False
Vfa01_t545_d60s,Vfa01,Config B: EKF + AI Velocity + NHC,60,769.06,1291.16,776.71,682.21,167.89,1239.11,False
Vfa01_t545_d60s,Vfa01,Config C: EKF + AI Velocity + NHC + OSM HMM,60,769.06,1221.87,727.32,736.66,158.88,1137.69,False
Vfa01_t590_d60s,Vfa01,Config A: Raw IMU Baseline,60,1390.75,6809.3,2999.83,1560.53,489.61,6140.6,False
Vfa01_t590_d60s,Vfa01,Config B: EKF + AI Velocity + NHC,60,1390.75,799.61,308.52,199.18,57.49,679.12,False
Vfa01_t590_d60s,Vfa01,Config C: EKF + AI Velocity + NHC + OSM HMM,60,1390.75,598.93,236.37,146.8,43.07,520.78,False
Vfa01_t680_d60s,Vfa01,Config A: Raw IMU Baseline,60,1300.31,373.12,241.86,285.75,28.7,340.15,False
Vfa01_t680_d60s,Vfa01,Config B: EKF + AI Velocity + NHC,60,1300.31,1315.53,839.7,737.07,101.17,1348.51,False
Vfa01_t680_d60s,Vfa01,Config C: EKF + AI Velocity + NHC + OSM HMM,60,1300.31,1317.02,864.06,746.31,101.29,1361.44,False
Vfa01_t725_d60s,Vfa01,Config A: Raw IMU Baseline,60,1012.54,262.22,119.74,107.99,25.9,209.79,False
Vfa01_t725_d60s,Vfa01,Config B: EKF + AI Velocity + NHC,60,1012.54,1201.94,568.45,297.63,118.71,1115.91,False
Vfa01_t725_d60s,Vfa01,Config C: EKF + AI Velocity + NHC + OSM HMM,60,1012.54,420.81,201.73,126.46,41.56,387.35,False
Vfa01_t815_d60s,Vfa01,Config A: Raw IMU Baseline,60,629.63,1400.57,584.77,144.88,222.44,1262.41,False
Vfa01_t815_d60s,Vfa01,Config B: EKF + AI Velocity + NHC,60,629.63,512.14,345.68,368.93,81.34,501.55,False
Vfa01_t815_d60s,Vfa01,Config C: EKF + AI Velocity + NHC + OSM HMM,60,629.63,395.65,255.59,260.27,62.84,341.59,False
Vfa01_t860_d60s,Vfa01,Config A: Raw IMU Baseline,60,913.35,878.27,399.15,239.8,96.16,795.2,False
Vfa01_t860_d60s,Vfa01,Config B: EKF + AI Velocity + NHC,60,913.35,401.48,149.89,66.04,43.96,348.88,False
Vfa01_t860_d60s,Vfa01,Config C: EKF + AI Velocity + NHC + OSM HMM,60,913.35,826.97,486.65,420.05,90.54,794.11,False
Vfa01_t950_d60s,Vfa01,Config A: Raw IMU Baseline,60,467.57,604.86,277.94,168.68,129.36,553.67,False
Vfa01_t950_d60s,Vfa01,Config B: EKF + AI Velocity + NHC,60,467.57,781.1,448.67,349.41,167.06,747.56,False
Vfa01_t950_d60s,Vfa01,Config C: EKF + AI Velocity + NHC + OSM HMM,60,467.57,424.71,395.43,401.73,90.83,452.6,False
Vfa01_t995_d60s,Vfa01,Config A: Raw IMU Baseline,60,267.75,503.44,215.69,59.54,188.02,467.23,False
Vfa01_t995_d60s,Vfa01,Config B: EKF + AI Velocity + NHC,60,267.75,686.32,499.3,538.86,256.33,672.08,False
Vfa01_t995_d60s,Vfa01,Config C: EKF + AI Velocity + NHC + OSM HMM,60,267.75,703.35,518.72,536.22,262.69,735.99,False
Vfa01_t1085_d60s,Vfa01,Config A: Raw IMU Baseline,60,432.12,191.68,234.35,215.82,44.36,345.65,False
Vfa01_t1085_d60s,Vfa01,Config B: EKF + AI Velocity + NHC,60,432.12,517.42,411.32,440.57,119.74,567.3,False
Vfa01_t1085_d60s,Vfa01,Config C: EKF + AI Velocity + NHC + OSM HMM,60,432.12,388.06,331.06,353.73,89.8,492.04,False
Vfa02_t50_d15s,Vfa02,Config A: Raw IMU Baseline,15,167.89,50.55,29.53,25.97,30.11,47.89,False
Vfa02_t50_d15s,Vfa02,Config B: EKF + AI Velocity + NHC,15,167.89,80.28,40.24,29.82,47.82,73.72,False
Vfa02_t50_d15s,Vfa02,Config C: EKF + AI Velocity + NHC + OSM HMM,15,167.89,391.2,399.07,399.32,233.01,406.01,False
Vfa02_t455_d15s,Vfa02,Config A: Raw IMU Baseline,15,443.35,35.27,15.57,9.03,7.96,31.39,True
Vfa02_t455_d15s,Vfa02,Config B: EKF + AI Velocity + NHC,15,443.35,120.91,58.18,35.32,27.27,111.1,False
Vfa02_t455_d15s,Vfa02,Config C: EKF + AI Velocity + NHC + OSM HMM,15,443.35,5.72,5.19,4.18,1.29,8.2,True
Vfa02_t860_d15s,Vfa02,Config A: Raw IMU Baseline,15,360.31,16.63,9.81,8.33,4.62,15.97,True
Vfa02_t860_d15s,Vfa02,Config B: EKF + AI Velocity + NHC,15,360.31,88.29,42.38,27.57,24.5,81.09,False
Vfa02_t860_d15s,Vfa02,Config C: EKF + AI Velocity + NHC + OSM HMM,15,360.31,26.95,21.37,16.54,7.48,28.11,True
Vfa02_t1265_d15s,Vfa02,Config A: Raw IMU Baseline,15,404.26,41.85,19.88,12.34,10.35,38.14,False
Vfa02_t1265_d15s,Vfa02,Config B: EKF + AI Velocity + NHC,15,404.26,20.41,8.89,6.44,5.05,17.38,True
Vfa02_t1265_d15s,Vfa02,Config C: EKF + AI Velocity + NHC + OSM HMM,15,404.26,36.08,33.42,33.46,8.93,35.82,True
Vfa02_t1670_d15s,Vfa02,Config A: Raw IMU Baseline,15,429.84,48.57,22.47,13.41,11.3,44.12,False
Vfa02_t1670_d15s,Vfa02,Config B: EKF + AI Velocity + NHC,15,429.84,203.64,92.83,52.75,47.38,183.93,False
Vfa02_t1670_d15s,Vfa02,Config C: EKF + AI Velocity + NHC + OSM HMM,15,429.84,130.29,71.82,68.47,30.31,118.17,False
Vfa02_t2075_d15s,Vfa02,Config A: Raw IMU Baseline,15,350.61,11.07,7.43,8.34,3.16,10.36,True
Vfa02_t2075_d15s,Vfa02,Config B: EKF + AI Velocity + NHC,15,350.61,172.21,78.3,43.59,49.12,155.84,False
Vfa02_t2075_d15s,Vfa02,Config C: EKF + AI Velocity + NHC + OSM HMM,15,350.61,90.51,69.65,66.05,25.82,85.35,False
Vfa02_t2480_d15s,Vfa02,Config A: Raw IMU Baseline,15,415.54,104.46,47.84,28.98,25.14,94.34,False
Vfa02_t2480_d15s,Vfa02,Config B: EKF + AI Velocity + NHC,15,415.54,126.27,55.48,29.91,30.39,112.67,False
Vfa02_t2480_d15s,Vfa02,Config C: EKF + AI Velocity + NHC + OSM HMM,15,415.54,104.04,102.54,102.46,25.04,103.26,False
Vfa02_t2885_d15s,Vfa02,Config A: Raw IMU Baseline,15,404.38,100.2,48.16,30.1,24.78,92.09,False
Vfa02_t2885_d15s,Vfa02,Config B: EKF + AI Velocity + NHC,15,404.38,161.68,73.14,39.86,39.98,146.79,False
Vfa02_t2885_d15s,Vfa02,Config C: EKF + AI Velocity + NHC + OSM HMM,15,404.38,93.04,87.16,86.0,23.01,92.27,False
Vfa02_t3290_d15s,Vfa02,Config A: Raw IMU Baseline,15,445.52,117.42,51.88,28.2,26.36,105.62,False
Vfa02_t3290_d15s,Vfa02,Config B: EKF + AI Velocity + NHC,15,445.52,373.42,171.98,97.75,83.82,340.41,False
Vfa02_t3290_d15s,Vfa02,Config C: EKF + AI Velocity + NHC + OSM HMM,15,445.52,451.78,296.99,186.11,101.4,434.04,False
Vfa02_t3695_d15s,Vfa02,Config A: Raw IMU Baseline,15,393.14,106.81,49.03,30.01,27.17,97.0,False
Vfa02_t3695_d15s,Vfa02,Config B: EKF + AI Velocity + NHC,15,393.14,168.74,73.23,37.28,42.92,150.77,False
Vfa02_t3695_d15s,Vfa02,Config C: EKF + AI Velocity + NHC + OSM HMM,15,393.14,96.38,60.18,52.99,24.51,83.37,False
Vfa02_t4100_d15s,Vfa02,Config A: Raw IMU Baseline,15,413.31,17.2,6.59,3.36,4.16,14.71,True
Vfa02_t4100_d15s,Vfa02,Config B: EKF + AI Velocity + NHC,15,413.31,57.75,26.17,12.04,13.97,52.53,False
Vfa02_t4100_d15s,Vfa02,Config C: EKF + AI Velocity + NHC + OSM HMM,15,413.31,21.84,40.79,40.72,5.29,53.99,True
Vfa02_t4505_d15s,Vfa02,Config A: Raw IMU Baseline,15,459.66,120.31,58.09,37.38,26.17,110.75,False
Vfa02_t4505_d15s,Vfa02,Config B: EKF + AI Velocity + NHC,15,459.66,138.27,63.68,35.07,30.08,125.94,False
Vfa02_t4505_d15s,Vfa02,Config C: EKF + AI Velocity + NHC + OSM HMM,15,459.66,57.32,29.41,18.61,12.47,53.89,False
Vfa02_t4910_d15s,Vfa02,Config A: Raw IMU Baseline,15,414.89,122.44,53.74,27.5,29.51,110.13,False
Vfa02_t4910_d15s,Vfa02,Config B: EKF + AI Velocity + NHC,15,414.89,71.68,30.34,15.23,17.28,63.1,False
Vfa02_t4910_d15s,Vfa02,Config C: EKF + AI Velocity + NHC + OSM HMM,15,414.89,29.01,24.64,29.28,6.99,33.85,True
Vfa02_t5360_d15s,Vfa02,Config A: Raw IMU Baseline,15,337.63,28.21,12.62,7.19,8.35,25.35,True
Vfa02_t5360_d15s,Vfa02,Config B: EKF + AI Velocity + NHC,15,337.63,90.9,42.46,26.61,26.92,83.02,False
Vfa02_t5360_d15s,Vfa02,Config C: EKF + AI Velocity + NHC + OSM HMM,15,337.63,40.83,25.68,22.08,12.09,39.71,False
Vfa02_t5765_d15s,Vfa02,Config A: Raw IMU Baseline,15,385.49,131.94,59.35,30.41,34.23,119.75,False
Vfa02_t5765_d15s,Vfa02,Config B: EKF + AI Velocity + NHC,15,385.49,112.89,49.22,24.87,29.29,101.31,False
Vfa02_t5765_d15s,Vfa02,Config C: EKF + AI Velocity + NHC + OSM HMM,15,385.49,81.43,78.35,78.0,21.12,80.46,False
Vfa02_t6215_d15s,Vfa02,Config A: Raw IMU Baseline,15,178.25,36.34,15.75,6.79,20.39,32.99,False
Vfa02_t6215_d15s,Vfa02,Config B: EKF + AI Velocity + NHC,15,178.25,30.85,18.1,15.61,17.31,29.43,False
Vfa02_t6215_d15s,Vfa02,Config C: EKF + AI Velocity + NHC + OSM HMM,15,178.25,23.07,43.18,29.14,12.94,78.77,False
Vfa02_t6620_d15s,Vfa02,Config A: Raw IMU Baseline,15,154.69,86.5,46.26,28.17,55.92,83.65,False
Vfa02_t6620_d15s,Vfa02,Config B: EKF + AI Velocity + NHC,15,154.69,86.42,38.81,22.55,55.87,76.79,False
Vfa02_t6620_d15s,Vfa02,Config C: EKF + AI Velocity + NHC + OSM HMM,15,154.69,74.51,39.03,32.08,48.17,68.05,False
Vfa02_t275_d30s,Vfa02,Config A: Raw IMU Baseline,30,709.77,314.11,136.4,64.54,44.25,281.95,False
Vfa02_t275_d30s,Vfa02,Config B: EKF + AI Velocity + NHC,30,709.77,516.64,235.93,137.2,72.79,468.55,False
Vfa02_t275_d30s,Vfa02,Config C: EKF + AI Velocity + NHC + OSM HMM,30,709.77,31.89,15.92,14.72,4.49,28.28,True
Vfa02_t680_d30s,Vfa02,Config A: Raw IMU Baseline,30,642.6,118.41,56.63,38.25,18.43,108.11,False
Vfa02_t680_d30s,Vfa02,Config B: EKF + AI Velocity + NHC,30,642.6,85.41,43.59,30.12,13.29,80.07,False
Vfa02_t680_d30s,Vfa02,Config C: EKF + AI Velocity + NHC + OSM HMM,30,642.6,45.26,20.36,11.37,7.04,42.38,True
Vfa02_t1085_d30s,Vfa02,Config A: Raw IMU Baseline,30,857.08,509.5,227.33,125.4,59.45,461.19,False
Vfa02_t1085_d30s,Vfa02,Config B: EKF + AI Velocity + NHC,30,857.08,284.27,128.64,70.05,33.17,258.61,False
Vfa02_t1085_d30s,Vfa02,Config C: EKF + AI Velocity + NHC + OSM HMM,30,857.08,35.17,19.64,16.15,4.1,32.5,True
Vfa02_t1490_d30s,Vfa02,Config A: Raw IMU Baseline,30,814.18,93.9,43.35,25.45,11.53,85.44,False
Vfa02_t1490_d30s,Vfa02,Config B: EKF + AI Velocity + NHC,30,814.18,759.78,353.32,210.35,93.32,694.33,False
Vfa02_t1490_d30s,Vfa02,Config C: EKF + AI Velocity + NHC + OSM HMM,30,814.18,369.24,156.86,82.91,45.35,330.18,False
Vfa02_t1895_d30s,Vfa02,Config A: Raw IMU Baseline,30,813.24,306.0,129.01,64.8,37.63,270.43,False
Vfa02_t1895_d30s,Vfa02,Config B: EKF + AI Velocity + NHC,30,813.24,18.35,30.49,25.24,2.26,50.19,True
Vfa02_t1895_d30s,Vfa02,Config C: EKF + AI Velocity + NHC + OSM HMM,30,813.24,94.58,91.77,93.26,11.63,95.31,False
Vfa02_t2300_d30s,Vfa02,Config A: Raw IMU Baseline,30,786.1,277.74,121.18,60.14,35.33,249.71,False
Vfa02_t2300_d30s,Vfa02,Config B: EKF + AI Velocity + NHC,30,786.1,219.44,101.59,54.79,27.91,199.18,False
Vfa02_t2300_d30s,Vfa02,Config C: EKF + AI Velocity + NHC + OSM HMM,30,786.1,130.59,95.64,85.73,16.61,124.25,False
Vfa02_t2705_d30s,Vfa02,Config A: Raw IMU Baseline,30,753.74,178.08,84.68,50.88,23.63,163.65,False
Vfa02_t2705_d30s,Vfa02,Config B: EKF + AI Velocity + NHC,30,753.74,693.18,324.2,194.54,91.97,633.45,False
Vfa02_t2705_d30s,Vfa02,Config C: EKF + AI Velocity + NHC + OSM HMM,30,753.74,422.3,206.57,135.52,56.03,386.22,False
Vfa02_t3110_d30s,Vfa02,Config A: Raw IMU Baseline,30,805.25,351.96,148.66,77.83,43.71,313.58,False
Vfa02_t3110_d30s,Vfa02,Config B: EKF + AI Velocity + NHC,30,805.25,624.61,277.01,147.61,77.57,564.11,False
Vfa02_t3110_d30s,Vfa02,Config C: EKF + AI Velocity + NHC + OSM HMM,30,805.25,580.76,280.8,166.81,72.12,533.66,False
Vfa02_t3560_d30s,Vfa02,Config A: Raw IMU Baseline,30,678.48,46.37,18.41,5.81,6.83,39.61,True
Vfa02_t3560_d30s,Vfa02,Config B: EKF + AI Velocity + NHC,30,678.48,585.55,276.21,171.99,86.3,535.65,False
Vfa02_t3560_d30s,Vfa02,Config C: EKF + AI Velocity + NHC + OSM HMM,30,678.48,759.64,373.42,71.82,111.96,712.51,False
Vfa02_t3965_d30s,Vfa02,Config A: Raw IMU Baseline,30,827.67,181.49,81.08,49.26,21.93,162.86,False
Vfa02_t3965_d30s,Vfa02,Config B: EKF + AI Velocity + NHC,30,827.67,786.84,360.91,206.7,95.07,716.97,False
Vfa02_t3965_d30s,Vfa02,Config C: EKF + AI Velocity + NHC + OSM HMM,30,827.67,1196.14,422.86,88.76,144.52,1174.07,False
Vfa02_t4370_d30s,Vfa02,Config A: Raw IMU Baseline,30,737.58,245.95,112.64,64.12,33.35,222.64,False
Vfa02_t4370_d30s,Vfa02,Config B: EKF + AI Velocity + NHC,30,737.58,477.96,215.26,126.8,64.8,430.69,False
Vfa02_t4370_d30s,Vfa02,Config C: EKF + AI Velocity + NHC + OSM HMM,30,737.58,189.15,67.46,30.16,25.64,154.42,False
Vfa02_t4775_d30s,Vfa02,Config A: Raw IMU Baseline,30,907.86,367.05,172.91,103.72,40.43,335.4,False
Vfa02_t4775_d30s,Vfa02,Config B: EKF + AI Velocity + NHC,30,907.86,317.74,152.12,95.07,35.0,293.2,False
Vfa02_t4775_d30s,Vfa02,Config C: EKF + AI Velocity + NHC + OSM HMM,30,907.86,100.05,80.08,63.67,11.02,111.6,False
Vfa02_t5180_d30s,Vfa02,Config A: Raw IMU Baseline,30,789.5,328.38,151.0,92.25,41.59,298.4,False
Vfa02_t5180_d30s,Vfa02,Config B: EKF + AI Velocity + NHC,30,789.5,296.34,133.34,71.38,37.53,268.28,False
Vfa02_t5180_d30s,Vfa02,Config C: EKF + AI Velocity + NHC + OSM HMM,30,789.5,377.42,49.7,39.53,47.8,51.57,False
Vfa02_t5585_d30s,Vfa02,Config A: Raw IMU Baseline,30,732.17,116.89,46.12,19.82,15.96,98.41,False
Vfa02_t5585_d30s,Vfa02,Config B: EKF + AI Velocity + NHC,30,732.17,532.76,247.99,154.08,72.76,483.47,False
Vfa02_t5585_d30s,Vfa02,Config C: EKF + AI Velocity + NHC + OSM HMM,30,732.17,251.11,109.96,70.32,34.3,217.31,False
Vfa02_t5990_d30s,Vfa02,Config A: Raw IMU Baseline,30,411.47,697.32,343.16,217.86,169.47,647.51,False
Vfa02_t5990_d30s,Vfa02,Config B: EKF + AI Velocity + NHC,30,411.47,383.17,267.31,290.3,93.12,371.84,False
Vfa02_t5990_d30s,Vfa02,Config C: EKF + AI Velocity + NHC + OSM HMM,30,411.47,351.64,259.92,271.66,85.46,383.05,False
Vfa02_t6440_d30s,Vfa02,Config A: Raw IMU Baseline,30,440.97,211.46,90.73,54.36,47.95,184.98,False
Vfa02_t6440_d30s,Vfa02,Config B: EKF + AI Velocity + NHC,30,440.97,173.04,84.83,55.95,39.24,160.17,False
Vfa02_t6440_d30s,Vfa02,Config C: EKF + AI Velocity + NHC + OSM HMM,30,440.97,298.9,330.81,324.69,67.78,366.74,False
Vfa02_t95_d60s,Vfa02,Config A: Raw IMU Baseline,60,1055.15,1781.22,884.08,547.13,168.81,1667.37,False
Vfa02_t95_d60s,Vfa02,Config B: EKF + AI Velocity + NHC,60,1055.15,1050.79,666.6,587.61,99.59,1035.69,False
Vfa02_t95_d60s,Vfa02,Config C: EKF + AI Velocity + NHC + OSM HMM,60,1055.15,1062.67,736.16,626.71,100.71,1063.47,False
Vfa02_t500_d60s,Vfa02,Config A: Raw IMU Baseline,60,1740.99,1657.23,760.79,450.94,95.19,1512.02,False
Vfa02_t500_d60s,Vfa02,Config B: EKF + AI Velocity + NHC,60,1740.99,2214.91,1134.17,780.68,127.22,2080.96,False
Vfa02_t500_d60s,Vfa02,Config C: EKF + AI Velocity + NHC + OSM HMM,60,1740.99,722.71,317.08,180.54,41.51,649.33,False
Vfa02_t905_d60s,Vfa02,Config A: Raw IMU Baseline,60,1506.96,619.32,258.72,136.82,41.1,544.71,False
Vfa02_t905_d60s,Vfa02,Config B: EKF + AI Velocity + NHC,60,1506.96,1310.5,618.25,379.92,86.96,1199.97,False
Vfa02_t905_d60s,Vfa02,Config C: EKF + AI Velocity + NHC + OSM HMM,60,1506.96,702.99,214.25,32.8,46.65,684.34,False
Vfa02_t1310_d60s,Vfa02,Config A: Raw IMU Baseline,60,1703.39,832.65,340.62,157.01,48.88,728.82,False
Vfa02_t1310_d60s,Vfa02,Config B: EKF + AI Velocity + NHC,60,1703.39,833.8,356.34,202.08,48.95,733.58,False
Vfa02_t1310_d60s,Vfa02,Config C: EKF + AI Velocity + NHC + OSM HMM,60,1703.39,1630.63,424.59,103.31,95.73,1559.68,False
Vfa02_t1760_d60s,Vfa02,Config A: Raw IMU Baseline,60,1678.23,1045.31,545.82,384.08,62.29,990.42,False
Vfa02_t1760_d60s,Vfa02,Config B: EKF + AI Velocity + NHC,60,1678.23,210.75,77.66,19.0,12.56,179.51,False
Vfa02_t1760_d60s,Vfa02,Config C: EKF + AI Velocity + NHC + OSM HMM,60,1678.23,107.66,85.52,84.34,6.42,105.36,True
Vfa02_t2165_d60s,Vfa02,Config A: Raw IMU Baseline,60,1629.1,2431.96,1125.64,628.87,149.28,2235.06,False
Vfa02_t2165_d60s,Vfa02,Config B: EKF + AI Velocity + NHC,60,1629.1,2094.54,1017.42,614.8,128.57,1955.56,False
Vfa02_t2165_d60s,Vfa02,Config C: EKF + AI Velocity + NHC + OSM HMM,60,1629.1,2076.73,697.0,516.11,127.48,1121.8,False
Vfa02_t2570_d60s,Vfa02,Config A: Raw IMU Baseline,60,1655.85,466.99,246.09,172.32,28.2,443.85,False
Vfa02_t2570_d60s,Vfa02,Config B: EKF + AI Velocity + NHC,60,1655.85,1566.05,714.74,383.01,94.58,1433.63,False
Vfa02_t2570_d60s,Vfa02,Config C: EKF + AI Velocity + NHC + OSM HMM,60,1655.85,1600.48,738.78,400.58,96.66,1476.63,False
Vfa02_t2975_d60s,Vfa02,Config A: Raw IMU Baseline,60,1671.21,37.78,31.82,28.69,2.26,46.35,True
Vfa02_t2975_d60s,Vfa02,Config B: EKF + AI Velocity + NHC,60,1671.21,1940.35,1126.44,873.73,116.1,1905.24,False
Vfa02_t2975_d60s,Vfa02,Config C: EKF + AI Velocity + NHC + OSM HMM,60,1671.21,1717.18,1086.73,995.11,102.75,1679.14,False
Vfa02_t3380_d60s,Vfa02,Config A: Raw IMU Baseline,60,1475.13,978.01,532.17,379.0,66.3,943.39,False
Vfa02_t3380_d60s,Vfa02,Config B: EKF + AI Velocity + NHC,60,1475.13,1443.91,919.27,801.82,97.88,1438.26,False
Vfa02_t3380_d60s,Vfa02,Config C: EKF + AI Velocity + NHC + OSM HMM,60,1475.13,1521.55,961.3,718.71,103.15,1520.02,False
Vfa02_t3785_d60s,Vfa02,Config A: Raw IMU Baseline,60,1496.81,435.07,186.24,84.16,29.07,390.79,False
Vfa02_t3785_d60s,Vfa02,Config B: EKF + AI Velocity + NHC,60,1496.81,931.49,398.49,196.87,62.23,834.47,False
Vfa02_t3785_d60s,Vfa02,Config C: EKF + AI Velocity + NHC + OSM HMM,60,1496.81,935.95,426.45,194.71,62.53,839.71,False
Vfa02_t4190_d60s,Vfa02,Config A: Raw IMU Baseline,60,1591.25,471.04,229.78,201.14,29.6,417.02,False
Vfa02_t4190_d60s,Vfa02,Config B: EKF + AI Velocity + NHC,60,1591.25,1937.27,946.37,557.76,121.75,1814.15,False
Vfa02_t4190_d60s,Vfa02,Config C: EKF + AI Velocity + NHC + OSM HMM,60,1591.25,2114.89,895.06,516.71,132.91,1604.66,False
Vfa02_t4595_d60s,Vfa02,Config A: Raw IMU Baseline,60,1711.18,333.5,117.74,50.55,19.49,281.99,False
Vfa02_t4595_d60s,Vfa02,Config B: EKF + AI Velocity + NHC,60,1711.18,1378.07,699.61,514.98,80.53,1279.61,False
Vfa02_t4595_d60s,Vfa02,Config C: EKF + AI Velocity + NHC + OSM HMM,60,1711.18,898.98,553.37,165.05,52.54,901.68,False
Vfa02_t5000_d60s,Vfa02,Config A: Raw IMU Baseline,60,1487.71,999.64,477.9,287.65,67.19,922.7,False
Vfa02_t5000_d60s,Vfa02,Config B: EKF + AI Velocity + NHC,60,1487.71,934.44,423.35,237.25,62.81,848.27,False
Vfa02_t5000_d60s,Vfa02,Config C: EKF + AI Velocity + NHC + OSM HMM,60,1487.71,39.61,42.69,41.8,2.66,56.46,True
Vfa02_t5405_d60s,Vfa02,Config A: Raw IMU Baseline,60,1439.79,1656.72,739.09,410.92,115.07,1492.51,False
Vfa02_t5405_d60s,Vfa02,Config B: EKF + AI Velocity + NHC,60,1439.79,1428.86,682.45,433.95,99.24,1313.1,False
Vfa02_t5405_d60s,Vfa02,Config C: EKF + AI Velocity + NHC + OSM HMM,60,1439.79,1413.17,698.4,657.45,98.15,1304.92,False
Vfa02_t5810_d60s,Vfa02,Config A: Raw IMU Baseline,60,1724.86,1921.56,840.08,403.09,111.4,1732.8,False
Vfa02_t5810_d60s,Vfa02,Config B: EKF + AI Velocity + NHC,60,1724.86,1783.65,918.55,643.44,103.41,1673.15,False
Vfa02_t5810_d60s,Vfa02,Config C: EKF + AI Velocity + NHC + OSM HMM,60,1724.86,1981.28,1005.81,666.31,114.87,1948.73,False
Vfa02_t6215_d60s,Vfa02,Config A: Raw IMU Baseline,60,485.8,349.92,147.36,105.59,72.03,296.45,False
Vfa02_t6215_d60s,Vfa02,Config B: EKF + AI Velocity + NHC,60,485.8,269.54,136.81,48.99,55.48,280.83,False
Vfa02_t6215_d60s,Vfa02,Config C: EKF + AI Velocity + NHC + OSM HMM,60,485.8,296.86,174.29,152.17,61.11,306.91,False
Vfa02_t6665_d60s,Vfa02,Config A: Raw IMU Baseline,60,297.79,3692.77,1705.58,993.97,1240.05,3371.33,False
Vfa02_t6665_d60s,Vfa02,Config B: EKF + AI Velocity + NHC,60,297.79,859.63,457.53,353.31,288.67,805.09,False
Vfa02_t6665_d60s,Vfa02,Config C: EKF + AI Velocity + NHC + OSM HMM,60,297.79,1415.42,709.56,341.62,475.3,1380.58,False
