scenario_id,drive_id,blackout_start_idx,blackout_end_idx,duration_s,distance_m,initial_lat,initial_lon
Vfa01_t5_d15s,Vfa01,50,200,15,233.82,52.559495,-1.482775
Vfa01_t50_d15s,Vfa01,500,650,15,294.26,52.566554,-1.482732
Vfa01_t95_d15s,Vfa01,950,1100,15,284.1,52.573841,-1.479011
Vfa01_t185_d15s,Vfa01,1850,2000,15,341.22,52.589915,-1.478505
Vfa01_t230_d15s,Vfa01,2300,2450,15,291.36,52.598854,-1.477663
Vfa01_t320_d15s,Vfa01,3200,3350,15,308.15,52.613359,-1.474289
Vfa01_t365_d15s,Vfa01,3650,3800,15,340.63,52.621203,-1.480313
Vfa01_t455_d15s,Vfa01,4550,4700,15,362.64,52.636629,-1.494558
Vfa01_t500_d15s,Vfa01,5000,5150,15,183.52,52.641049,-1.50323
Vfa01_t635_d15s,Vfa01,6350,6500,15,390.03,52.654925,-1.503086
Vfa01_t680_d15s,Vfa01,6800,6950,15,370.74,52.663374,-1.494615
Vfa01_t770_d15s,Vfa01,7700,7850,15,217.9,52.679472,-1.49609
Vfa01_t815_d15s,Vfa01,8150,8300,15,98.5,52.68694,-1.498818
Vfa01_t905_d15s,Vfa01,9050,9200,15,240.58,52.695079,-1.506329
Vfa01_t950_d15s,Vfa01,9500,9650,15,152.88,52.699409,-1.509497
Vfa01_t1085_d15s,Vfa01,10850,11000,15,151.03,52.706381,-1.506636
Vfa01_t1130_d15s,Vfa01,11300,11450,15,53.63,52.709189,-1.50366
Vfa01_t5_d30s,Vfa01,50,350,30,499.73,52.559495,-1.482775
Vfa01_t95_d30s,Vfa01,950,1250,30,568.59,52.573841,-1.479011
Vfa01_t140_d30s,Vfa01,1400,1700,30,600.41,52.581431,-1.477289
Vfa01_t230_d30s,Vfa01,2300,2600,30,501.4,52.598854,-1.477663
Vfa01_t275_d30s,Vfa01,2750,3050,30,604.74,52.605311,-1.477097
Vfa01_t365_d30s,Vfa01,3650,3950,30,678.68,52.621203,-1.480313
Vfa01_t410_d30s,Vfa01,4100,4400,30,647.39,52.628256,-1.487795
Vfa01_t500_d30s,Vfa01,5000,5300,30,311.34,52.641049,-1.50323
Vfa01_t545_d30s,Vfa01,5450,5750,30,218.15,52.64312,-1.506357
Vfa01_t635_d30s,Vfa01,6350,6650,30,766.81,52.654925,-1.503086
Vfa01_t680_d30s,Vfa01,6800,7100,30,696.84,52.663374,-1.494615
Vfa01_t770_d30s,Vfa01,7700,8000,30,520.12,52.679472,-1.49609
Vfa01_t815_d30s,Vfa01,8150,8450,30,176.29,52.68694,-1.498818
Vfa01_t905_d30s,Vfa01,9050,9350,30,386.15,52.695079,-1.506329
Vfa01_t950_d30s,Vfa01,9500,9800,30,341.35,52.699409,-1.509497
Vfa01_t1085_d30s,Vfa01,10850,11150,30,338.44,52.706381,-1.506636
Vfa01_t5_d60s,Vfa01,50,650,60,1101.75,52.559495,-1.482775
Vfa01_t50_d60s,Vfa01,500,1100,60,1148.04,52.566554,-1.482732
Vfa01_t140_d60s,Vfa01,1400,2000,60,1307.27,52.581431,-1.477289
Vfa01_t185_d60s,Vfa01,1850,2450,60,1303.46,52.589915,-1.478505
Vfa01_t275_d60s,Vfa01,2750,3350,60,1232.36,52.605311,-1.477097
Vfa01_t320_d60s,Vfa01,3200,3800,60,1364.81,52.613359,-1.474289
Vfa01_t410_d60s,Vfa01,4100,4700,60,1411.4,52.628256,-1.487795
Vfa01_t455_d60s,Vfa01,4550,5150,60,967.28,52.636629,-1.494558
Vfa01_t545_d60s,Vfa01,5450,6050,60,769.06,52.64312,-1.506357
Vfa01_t590_d60s,Vfa01,5900,6500,60,1390.75,52.646366,-1.502721
Vfa01_t680_d60s,Vfa01,6800,7400,60,1300.31,52.663374,-1.494615
Vfa01_t725_d60s,Vfa01,7250,7850,60,1012.54,52.672703,-1.494522
Vfa01_t815_d60s,Vfa01,8150,8750,60,629.63,52.68694,-1.498818
Vfa01_t860_d60s,Vfa01,8600,9200,60,913.35,52.690707,-1.500344
Vfa01_t950_d60s,Vfa01,9500,10100,60,467.57,52.699409,-1.509497
Vfa01_t995_d60s,Vfa01,9950,10550,60,267.75,52.703239,-1.51187
Vfa01_t1085_d60s,Vfa01,10850,11450,60,432.12,52.706381,-1.506636
Vfa02_t50_d15s,Vfa02,500,650,15,167.89,52.712199,-1.500695
Vfa02_t455_d15s,Vfa02,4550,4700,15,443.35,52.764477,-1.431252
Vfa02_t860_d15s,Vfa02,8600,8750,15,360.31,52.810338,-1.313699
Vfa02_t1265_d15s,Vfa02,12650,12800,15,404.26,52.905128,-1.300197
Vfa02_t1670_d15s,Vfa02,16700,16850,15,429.84,52.990127,-1.234447
Vfa02_t2075_d15s,Vfa02,20750,20900,15,350.61,53.077431,-1.290957
Vfa02_t2480_d15s,Vfa02,24800,24950,15,415.54,53.165398,-1.324311
Vfa02_t2885_d15s,Vfa02,28850,29000,15,404.38,53.259076,-1.316844
Vfa02_t3290_d15s,Vfa02,32900,33050,15,445.52,53.354479,-1.285771
Vfa02_t3695_d15s,Vfa02,36950,37100,15,393.14,53.397033,-1.3681
Vfa02_t4100_d15s,Vfa02,41000,41150,15,413.31,53.473542,-1.457498
Vfa02_t4505_d15s,Vfa02,45050,45200,15,459.66,53.554791,-1.526643
Vfa02_t4910_d15s,Vfa02,49100,49250,15,414.89,53.652017,-1.528315
Vfa02_t5360_d15s,Vfa02,53600,53750,15,337.63,53.733769,-1.527062
Vfa02_t5765_d15s,Vfa02,57650,57800,15,385.49,53.743595,-1.666006
Vfa02_t6215_d15s,Vfa02,62150,62300,15,178.25,53.769381,-1.753447
Vfa02_t6620_d15s,Vfa02,66200,66350,15,154.69,53.789979,-1.766602
Vfa02_t275_d30s,Vfa02,2750,3050,30,709.77,52.73214,-1.473631
Vfa02_t680_d30s,Vfa02,6800,7100,30,642.6,52.798834,-1.372036
Vfa02_t1085_d30s,Vfa02,10850,11150,30,857.08,52.861526,-1.302998
Vfa02_t1490_d30s,Vfa02,14900,15200,30,814.18,52.95667,-1.273355
Vfa02_t1895_d30s,Vfa02,18950,19250,30,813.24,53.042516,-1.255406
Vfa02_t2300_d30s,Vfa02,23000,23300,30,786.1,53.123273,-1.332115
Vfa02_t2705_d30s,Vfa02,27050,27350,30,753.74,53.219274,-1.327363
Vfa02_t3110_d30s,Vfa02,31100,31400,30,805.25,53.30859,-1.284491
Vfa02_t3560_d30s,Vfa02,35600,35900,30,678.48,53.398592,-1.320305
Vfa02_t3965_d30s,Vfa02,39650,39950,30,827.67,53.442725,-1.439541
Vfa02_t4370_d30s,Vfa02,43700,44000,30,737.58,53.530236,-1.497221
Vfa02_t4775_d30s,Vfa02,47750,48050,30,907.86,53.619131,-1.550299
Vfa02_t5180_d30s,Vfa02,51800,52100,30,789.5,53.709391,-1.548719
Vfa02_t5585_d30s,Vfa02,55850,56150,30,732.17,53.730934,-1.606025
Vfa02_t5990_d30s,Vfa02,59900,60200,30,411.47,53.736023,-1.727634
Vfa02_t6440_d30s,Vfa02,64400,64700,30,440.97,53.784624,-1.755178
Vfa02_t95_d60s,Vfa02,950,1550,60,1055.15,52.716268,-1.495115
Vfa02_t500_d60s,Vfa02,5000,5600,60,1740.99,52.774181,-1.422073
Vfa02_t905_d60s,Vfa02,9050,9650,60,1506.96,52.818807,-1.305831
Vfa02_t1310_d60s,Vfa02,13100,13700,60,1703.39,52.916254,-1.299724
Vfa02_t1760_d60s,Vfa02,17600,18200,60,1678.23,53.011195,-1.24066
Vfa02_t2165_d60s,Vfa02,21650,22250,60,1629.1,53.09528,-1.311281
Vfa02_t2570_d60s,Vfa02,25700,26300,60,1655.85,53.186936,-1.323363
Vfa02_t2975_d60s,Vfa02,29750,30350,60,1671.21,53.277554,-1.300417
Vfa02_t3380_d60s,Vfa02,33800,34400,60,1475.13,53.377198,-1.279586
Vfa02_t3785_d60s,Vfa02,37850,38450,60,1496.81,53.408379,-1.395882
Vfa02_t4190_d60s,Vfa02,41900,42500,60,1591.25,53.4934,-1.472084
Vfa02_t4595_d60s,Vfa02,45950,46550,60,1711.18,53.576174,-1.54021
Vfa02_t5000_d60s,Vfa02,50000,50600,60,1487.71,53.669486,-1.545663
Vfa02_t5405_d60s,Vfa02,54050,54650,60,1439.79,53.733374,-1.542747
Vfa02_t5810_d60s,Vfa02,58100,58700,60,1724.86,53.741065,-1.683155
Vfa02_t6215_d60s,Vfa02,62150,62750,60,485.8,53.769381,-1.753447
Vfa02_t6665_d60s,Vfa02,66650,67250,60,297.79,53.790923,-1.770301
